<?xml version="1.0" encoding="UTF-8"?>
<!--
 This is a WordPress eXtended RSS file generated by WordPress as an export of your site.
 It contains information about your site's posts, pages, comments, categories, and other content.
 You may use this file to transfer that content from one site to another.
 This file is not intended to serve as a complete backup of your site.

 To import this information into a WordPress site follow these steps:
 1. Log in to that site as an administrator.
 2. Go to Tools: Import in the WordPress admin panel.
 3. Install the "WordPress" importer from the list.
 4. Activate & Run Importer.
 5. Upload this file using the form provided on that page.
 6. You will first be asked to map the authors in this export file to users
    on the site. For each author, you may choose to map to an
    existing user on the site or to create a new user.
 7. WordPress will then import each of the posts, pages, comments, categories, etc.
    contained in this file into your site.
-->
<!-- generator="WordPress.com" created="2025-03-19 13:43"-->
<rss version="2.0" xmlns:excerpt="http://wordpress.org/export/1.2/excerpt/" xmlns:content="http://purl.org/rss/1.0/modules/content/" xmlns:wfw="http://wellformedweb.org/CommentAPI/" xmlns:dc="http://purl.org/dc/elements/1.1/" xmlns:wp="http://wordpress.org/export/1.2/">
  <channel>
<title>Muñecas de Trapo Quito</title>
<link>https://munecasdetrapoquito.wordpress.com</link>
<description>Muñecas de trapo de varios estilos personalizadas a su gusto en Quito.</description>
<pubDate>Wed, 19 Mar 2025 13:43:31 +0000</pubDate>
<language>es</language>
<wp:wxr_version>1.2</wp:wxr_version>
<wp:base_site_url>http://wordpress.com/</wp:base_site_url>
<wp:base_blog_url>https://munecasdetrapoquito.wordpress.com</wp:base_blog_url>
<wp:author>
  <wp:author_id>190683699</wp:author_id>
  <wp:author_login>vikuka</wp:author_login>
  <wp:author_email>vickyvane29@gmail.com</wp:author_email>
  <wp:author_display_name><![CDATA[vikuka]]></wp:author_display_name>
  <wp:author_first_name><![CDATA[]]></wp:author_first_name>
  <wp:author_last_name><![CDATA[]]></wp:author_last_name>
</wp:author>
<wp:category>
  <wp:term_id>1771</wp:term_id>
  <wp:category_nicename>sin-categoria</wp:category_nicename>
  <wp:category_parent/>
  <wp:cat_name><![CDATA[Sin categoría]]></wp:cat_name>
</wp:category>
<wp:category>
  <wp:term_id>11280</wp:term_id>
  <wp:category_nicename>xyz</wp:category_nicename>
  <wp:category_parent/>
  <wp:cat_name><![CDATA[xyz]]></wp:cat_name>
</wp:category>
<wp:term>
  <wp:term_id>121843</wp:term_id>
  <wp:term_taxonomy>nav_menu</wp:term_taxonomy>
  <wp:term_slug>primary</wp:term_slug>
  <wp:term_name><![CDATA[Primary]]></wp:term_name>
</wp:term>
<wp:term>
  <wp:term_id>121844</wp:term_id>
  <wp:term_taxonomy>nav_menu</wp:term_taxonomy>
  <wp:term_slug>social</wp:term_slug>
  <wp:term_name><![CDATA[Social]]></wp:term_name>
</wp:term>
<generator>http://wordpress.com/</generator>

<image>
	<url>https://munecasdetrapoquito.wordpress.com/wp-content/uploads/2020/07/cropped-logo-muneca-de-trapo-1-1.png?w=32</url>
	<title>Muñecas de Trapo Quito</title>
	<link>https://munecasdetrapoquito.wordpress.com</link>
	<width>32</width>
	<height>32</height>
</image> 
<item>
  <title><![CDATA[Página de inicio]]></title>
  <link>https://munecasdetrapoquito.wordpress.com/</link>
  <pubDate>Thu, 30 Jul 2020 23:35:30 +0000</pubDate>
  <dc:creator>vikuka</dc:creator>
  <guid isPermaLink="false">https://munecasdetrapoquito.wordpress.com/?page_id=6</guid>
  <description/>
  <content:encoded><![CDATA[<!-- wp:cover {"url":"https:\/\/headstartdata.files.wordpress.com\/2020\/07\/qi-bin-w4hbafegiac-unsplash.jpg","id":26,"dimRatio":10,"align":"full"} -->
<div class="wp-block-cover alignfull has-background-dim-10 has-background-dim" style="background-image:url('https://headstartdata.files.wordpress.com/2020/07/qi-bin-w4hbafegiac-unsplash.jpg');"><div class="wp-block-cover__inner-container"><!-- wp:jetpack/layout-grid {"column1DesktopSpan":8,"column1DesktopOffset":2,"column1TabletSpan":8,"column1MobileSpan":4,"column2DesktopOffset":4,"className":"column1-desktop-grid__span-8 column1-desktop-grid__start-3 column1-desktop-grid__row-1 column1-tablet-grid__span-8 column1-tablet-grid__row-1 column1-mobile-grid__span-4 column1-mobile-grid__row-1"} -->
<div class="wp-block-jetpack-layout-grid alignfull column1-desktop-grid__span-8 column1-desktop-grid__start-3 column1-desktop-grid__row-1 column1-tablet-grid__span-8 column1-tablet-grid__row-1 column1-mobile-grid__span-4 column1-mobile-grid__row-1"><!-- wp:jetpack/layout-grid-column -->
<div class="wp-block-jetpack-layout-grid-column wp-block-jetpack-layout-grid__padding-none"><!-- wp:heading {"align":"center","level":1} -->
<h1 class="has-text-align-center">Te damos la bienvenida a tu nuevo sitio.</h1>
<!-- /wp:heading -->

<!-- wp:paragraph {"align":"center"} -->
<p class="has-text-align-center">Te damos la bienvenida a tu nuevo sitio. Para editar esta página, haz clic en el enlace Editar. Para obtener más información sobre cómo personalizar tu sitio, consulta  <a href="https://href.li/?http://learn.wordpress.com/">http://learn.wordpress.com/</a></p>
<!-- /wp:paragraph -->

<!-- wp:buttons {"align":"center"} -->
<div class="wp-block-buttons aligncenter"><!-- wp:button -->
<div class="wp-block-button"><a class="wp-block-button__link" href="http://learn.wordpress.com" title="learn.wordpress.com">Más información</a></div>
<!-- /wp:button --></div>
<!-- /wp:buttons --></div>
<!-- /wp:jetpack/layout-grid-column --></div>
<!-- /wp:jetpack/layout-grid --></div></div>
<!-- /wp:cover -->

<!-- wp:group {"backgroundColor":"background","align":"full"} -->
<div class="wp-block-group alignfull has-background-background-color has-background"><div class="wp-block-group__inner-container"><!-- wp:jetpack/layout-grid {"column1DesktopSpan":12,"column1TabletSpan":8,"column1MobileSpan":4,"column2DesktopOffset":3,"className":"column1-desktop-grid__span-12 column1-desktop-grid__row-1 column1-tablet-grid__span-8 column1-tablet-grid__row-1 column1-mobile-grid__span-4 column1-mobile-grid__row-1"} -->
<div class="wp-block-jetpack-layout-grid alignfull column1-desktop-grid__span-12 column1-desktop-grid__row-1 column1-tablet-grid__span-8 column1-tablet-grid__row-1 column1-mobile-grid__span-4 column1-mobile-grid__row-1"><!-- wp:jetpack/layout-grid-column -->
<div class="wp-block-jetpack-layout-grid-column wp-block-jetpack-layout-grid__padding-none"><!-- wp:heading {"level":4} -->
<h4>Entradas recientes</h4>
<!-- /wp:heading -->

<!-- wp:a8c/blog-posts {"imageShape":"uncropped","showAuthor":false,"showAvatar":false,"postLayout":"grid","typeScale":3} /--></div>
<!-- /wp:jetpack/layout-grid-column --></div>
<!-- /wp:jetpack/layout-grid --></div></div>
<!-- /wp:group -->

<!-- wp:group {"backgroundColor":"foreground-dark","align":"full"} -->
<div class="wp-block-group alignfull has-foreground-dark-background-color has-background"><div class="wp-block-group__inner-container"><!-- wp:jetpack/layout-grid {"column1DesktopSpan":3,"column1DesktopOffset":2,"column1TabletSpan":4,"column1MobileSpan":4,"column2DesktopSpan":5,"column2TabletSpan":4,"column2MobileSpan":4,"column3DesktopOffset":3,"className":"column1-desktop-grid__span-3 column1-desktop-grid__start-3 column1-desktop-grid__row-1 column2-desktop-grid__span-5 column2-desktop-grid__start-6 column2-desktop-grid__row-1 column1-tablet-grid__span-4 column1-tablet-grid__row-1 column2-tablet-grid__span-4 column2-tablet-grid__start-5 column2-tablet-grid__row-1 column1-mobile-grid__span-4 column1-mobile-grid__row-1 column2-mobile-grid__span-4 column2-mobile-grid__row-2"} -->
<div class="wp-block-jetpack-layout-grid alignfull column1-desktop-grid__span-3 column1-desktop-grid__start-3 column1-desktop-grid__row-1 column2-desktop-grid__span-5 column2-desktop-grid__start-6 column2-desktop-grid__row-1 column1-tablet-grid__span-4 column1-tablet-grid__row-1 column2-tablet-grid__span-4 column2-tablet-grid__start-5 column2-tablet-grid__row-1 column1-mobile-grid__span-4 column1-mobile-grid__row-1 column2-mobile-grid__span-4 column2-mobile-grid__row-2"><!-- wp:jetpack/layout-grid-column -->
<div class="wp-block-jetpack-layout-grid-column wp-block-jetpack-layout-grid__padding-none"><!-- wp:paragraph {"align":"left","fontSize":"huge"} -->
<p class="has-text-align-left has-huge-font-size">Recibe nuevo contenido directamente en tu bandeja de entrada.</p>
<!-- /wp:paragraph --></div>
<!-- /wp:jetpack/layout-grid-column -->

<!-- wp:jetpack/layout-grid-column -->
<div class="wp-block-jetpack-layout-grid-column wp-block-jetpack-layout-grid__padding-none"><!-- wp:jetpack/subscriptions -->
<div class="wp-block-jetpack-subscriptions">[jetpack_subscription_form show_only_email_and_button="true" custom_background_button_color="undefined" custom_text_button_color="undefined" submit_button_text="Suscribirse" submit_button_classes="undefined" show_subscribers_total="false" ]</div>
<!-- /wp:jetpack/subscriptions --></div>
<!-- /wp:jetpack/layout-grid-column --></div>
<!-- /wp:jetpack/layout-grid --></div></div>
<!-- /wp:group -->]]></content:encoded>
  <excerpt:encoded><![CDATA[]]></excerpt:encoded>
  <wp:post_id>6</wp:post_id>
  <wp:post_date>2020-07-30 23:35:30</wp:post_date>
  <wp:post_date_gmt>2020-07-30 23:35:30</wp:post_date_gmt>
  <wp:post_modified>2020-07-30 23:40:30</wp:post_modified>
  <wp:post_modified_gmt>2020-07-30 23:40:30</wp:post_modified_gmt>
  <wp:comment_status>closed</wp:comment_status>
  <wp:ping_status>closed</wp:ping_status>
  <wp:post_name>home</wp:post_name>
  <wp:status>publish</wp:status>
  <wp:post_parent>0</wp:post_parent>
  <wp:menu_order>1</wp:menu_order>
  <wp:post_type>page</wp:post_type>
  <wp:post_password/>
  <wp:is_sticky>0</wp:is_sticky>
  <wp:postmeta>
    <wp:meta_key>_headstart_post</wp:meta_key>
    <wp:meta_value><![CDATA[_hs_front_page]]></wp:meta_value>
  </wp:postmeta>
  <wp:postmeta>
    <wp:meta_key>switch_like_status</wp:meta_key>
    <wp:meta_value><![CDATA[a:1:{i:0;N;}]]></wp:meta_value>
  </wp:postmeta>
  <wp:postmeta>
    <wp:meta_key>sharing_disabled</wp:meta_key>
    <wp:meta_value><![CDATA[a:1:{i:0;N;}]]></wp:meta_value>
  </wp:postmeta>
  <wp:postmeta>
    <wp:meta_key>_starter_page_template</wp:meta_key>
    <wp:meta_value><![CDATA[]]></wp:meta_value>
  </wp:postmeta>
  <wp:postmeta>
    <wp:meta_key>_wpas_skip_all_services</wp:meta_key>
    <wp:meta_value><![CDATA[1]]></wp:meta_value>
  </wp:postmeta>
  <wp:postmeta>
    <wp:meta_key>_publicize_pending</wp:meta_key>
    <wp:meta_value><![CDATA[1]]></wp:meta_value>
  </wp:postmeta>
  <wp:postmeta>
    <wp:meta_key>_checklist_post_type</wp:meta_key>
    <wp:meta_value><![CDATA[_hs_front_page]]></wp:meta_value>
  </wp:postmeta>
  <wp:postmeta>
    <wp:meta_key>_elasticsearch_data_sharing_indexed_on</wp:meta_key>
    <wp:meta_value><![CDATA[2025-03-18 15:55:29]]></wp:meta_value>
  </wp:postmeta>
</item>
<item>
  <title><![CDATA[Header]]></title>
  <link>https://munecasdetrapoquito.wordpress.com/2020/07/30/header/</link>
  <pubDate>Thu, 30 Jul 2020 23:40:29 +0000</pubDate>
  <dc:creator>vikuka</dc:creator>
  <guid isPermaLink="false">https://munecasdetrapoquito.wordpress.com/?wp_template_part=header</guid>
  <description/>
  <content:encoded><![CDATA[<!-- wp:spacer {"height":20} -->
<div style="height:20px;" aria-hidden="true" class="wp-block-spacer"></div>
<!-- /wp:spacer -->

<!-- wp:columns {"align":"wide"} -->
<div class="wp-block-columns alignwide"><!-- wp:column -->
<div class="wp-block-column"><!-- wp:a8c/site-title {"textAlign":"left","fontSize":"huge"} /-->

<!-- wp:a8c/site-description {"textAlign":"left","textColor":"foreground-light","customFontSize":16} /--></div>
<!-- /wp:column -->

<!-- wp:column -->
<div class="wp-block-column"><!-- wp:a8c/navigation-menu {"textAlign":"right"} /-->

<!-- wp:social-links {"align":"right","className":"is-style-logos-only"} -->
<ul class="wp-block-social-links alignright is-style-logos-only"><!-- wp:social-link-facebook {"url":"add_your_email@address.com"} /-->

<!-- wp:social-link-instagram {"url":"add_your_email@address.com"} /-->

<!-- wp:social-link-twitter {"url":"add_your_email@address.com"} /--></ul>
<!-- /wp:social-links --></div>
<!-- /wp:column --></div>
<!-- /wp:columns -->

<!-- wp:spacer {"height":20} -->
<div style="height:20px;" aria-hidden="true" class="wp-block-spacer"></div>
<!-- /wp:spacer -->]]></content:encoded>
  <excerpt:encoded><![CDATA[]]></excerpt:encoded>
  <wp:post_id>2</wp:post_id>
  <wp:post_date>2020-07-30 23:40:29</wp:post_date>
  <wp:post_date_gmt>2020-07-30 23:40:29</wp:post_date_gmt>
  <wp:post_modified>2020-07-30 23:40:29</wp:post_modified>
  <wp:post_modified_gmt>2020-07-30 23:40:29</wp:post_modified_gmt>
  <wp:comment_status>closed</wp:comment_status>
  <wp:ping_status>closed</wp:ping_status>
  <wp:post_name>header</wp:post_name>
  <wp:status>publish</wp:status>
  <wp:post_parent>0</wp:post_parent>
  <wp:menu_order>0</wp:menu_order>
  <wp:post_type>wp_template_part</wp:post_type>
  <wp:post_password/>
  <wp:is_sticky>0</wp:is_sticky>
  <wp:postmeta>
    <wp:meta_key>_publicize_pending</wp:meta_key>
    <wp:meta_value><![CDATA[1]]></wp:meta_value>
  </wp:postmeta>
</item>
<item>
  <title><![CDATA[Footer]]></title>
  <link>https://munecasdetrapoquito.wordpress.com/2020/07/30/footer/</link>
  <pubDate>Thu, 30 Jul 2020 23:40:29 +0000</pubDate>
  <dc:creator>vikuka</dc:creator>
  <guid isPermaLink="false">https://munecasdetrapoquito.wordpress.com/?wp_template_part=footer</guid>
  <description/>
  <content:encoded><![CDATA[<!-- wp:a8c/navigation-menu {"textAlign":"right","textColor":"foreground-light"} /-->]]></content:encoded>
  <excerpt:encoded><![CDATA[]]></excerpt:encoded>
  <wp:post_id>3</wp:post_id>
  <wp:post_date>2020-07-30 23:40:29</wp:post_date>
  <wp:post_date_gmt>2020-07-30 23:40:29</wp:post_date_gmt>
  <wp:post_modified>2020-07-30 23:40:29</wp:post_modified>
  <wp:post_modified_gmt>2020-07-30 23:40:29</wp:post_modified_gmt>
  <wp:comment_status>closed</wp:comment_status>
  <wp:ping_status>closed</wp:ping_status>
  <wp:post_name>footer</wp:post_name>
  <wp:status>publish</wp:status>
  <wp:post_parent>0</wp:post_parent>
  <wp:menu_order>0</wp:menu_order>
  <wp:post_type>wp_template_part</wp:post_type>
  <wp:post_password/>
  <wp:is_sticky>0</wp:is_sticky>
  <wp:postmeta>
    <wp:meta_key>_publicize_pending</wp:meta_key>
    <wp:meta_value><![CDATA[1]]></wp:meta_value>
  </wp:postmeta>
</item>
<item>
  <title><![CDATA[Blog]]></title>
  <link>https://munecasdetrapoquito.wordpress.com/blog/</link>
  <pubDate>Thu, 30 Jul 2020 23:35:29 +0000</pubDate>
  <dc:creator>vikuka</dc:creator>
  <guid isPermaLink="false">https://munecasdetrapoquito.wordpress.com/?page_id=7</guid>
  <description/>
  <content:encoded><![CDATA[<!-- wp:cover {"url":"https:\/\/headstartdata.files.wordpress.com\/2020\/07\/qi-bin-w4hbafegiac-unsplash.jpg","id":26,"dimRatio":10,"align":"full"} -->
<div class="wp-block-cover alignfull has-background-dim-10 has-background-dim" style="background-image:url('https://headstartdata.files.wordpress.com/2020/07/qi-bin-w4hbafegiac-unsplash.jpg');"><div class="wp-block-cover__inner-container"></div></div>
<!-- /wp:cover -->

<!-- wp:spacer {"height":64,"className":"desktop-only"} -->
<div style="height:64px;" aria-hidden="true" class="wp-block-spacer desktop-only"></div>
<!-- /wp:spacer -->

<!-- wp:a8c/blog-posts {"moreButton":true,"showAvatar":false,"postsToShow":10} /-->

<!-- wp:separator {"className":"is-style-wide"} -->
<hr class="wp-block-separator is-style-wide" />
<!-- /wp:separator -->

<!-- wp:heading {"align":"left","level":3} -->
<h3 class="has-text-align-left">Sigue mi blog</h3>
<!-- /wp:heading -->

<!-- wp:paragraph {"align":"left"} -->
<p class="has-text-align-left">Recibe nuevo contenido directamente en tu bandeja de entrada.</p>
<!-- /wp:paragraph -->

<!-- wp:jetpack/subscriptions -->
<div class="wp-block-jetpack-subscriptions">[jetpack_subscription_form show_only_email_and_button="true" custom_background_button_color="undefined" custom_text_button_color="undefined" submit_button_text="Suscribirse" submit_button_classes="undefined" show_subscribers_total="false" ]</div>
<!-- /wp:jetpack/subscriptions -->]]></content:encoded>
  <excerpt:encoded><![CDATA[]]></excerpt:encoded>
  <wp:post_id>7</wp:post_id>
  <wp:post_date>2020-07-30 23:35:29</wp:post_date>
  <wp:post_date_gmt>2020-07-30 23:35:29</wp:post_date_gmt>
  <wp:post_modified>2020-07-30 23:40:30</wp:post_modified>
  <wp:post_modified_gmt>2020-07-30 23:40:30</wp:post_modified_gmt>
  <wp:comment_status>closed</wp:comment_status>
  <wp:ping_status>closed</wp:ping_status>
  <wp:post_name>blog</wp:post_name>
  <wp:status>publish</wp:status>
  <wp:post_parent>0</wp:post_parent>
  <wp:menu_order>0</wp:menu_order>
  <wp:post_type>page</wp:post_type>
  <wp:post_password/>
  <wp:is_sticky>0</wp:is_sticky>
  <wp:postmeta>
    <wp:meta_key>_headstart_post</wp:meta_key>
    <wp:meta_value><![CDATA[_hs_extra]]></wp:meta_value>
  </wp:postmeta>
  <wp:postmeta>
    <wp:meta_key>sharing_disabled</wp:meta_key>
    <wp:meta_value><![CDATA[a:1:{i:0;N;}]]></wp:meta_value>
  </wp:postmeta>
  <wp:postmeta>
    <wp:meta_key>switch_like_status</wp:meta_key>
    <wp:meta_value><![CDATA[a:1:{i:0;N;}]]></wp:meta_value>
  </wp:postmeta>
  <wp:postmeta>
    <wp:meta_key>_starter_page_template</wp:meta_key>
    <wp:meta_value><![CDATA[blog]]></wp:meta_value>
  </wp:postmeta>
  <wp:postmeta>
    <wp:meta_key>_wpas_skip_all_services</wp:meta_key>
    <wp:meta_value><![CDATA[1]]></wp:meta_value>
  </wp:postmeta>
  <wp:postmeta>
    <wp:meta_key>_publicize_pending</wp:meta_key>
    <wp:meta_value><![CDATA[1]]></wp:meta_value>
  </wp:postmeta>
  <wp:postmeta>
    <wp:meta_key>_checklist_post_type</wp:meta_key>
    <wp:meta_value><![CDATA[_hs_extra]]></wp:meta_value>
  </wp:postmeta>
  <wp:postmeta>
    <wp:meta_key>_elasticsearch_data_sharing_indexed_on</wp:meta_key>
    <wp:meta_value><![CDATA[2025-03-18 15:55:29]]></wp:meta_value>
  </wp:postmeta>
</item>
<item>
  <title><![CDATA[Contacto]]></title>
  <link>https://munecasdetrapoquito.wordpress.com/contact/</link>
  <pubDate>Thu, 30 Jul 2020 23:35:28 +0000</pubDate>
  <dc:creator>vikuka</dc:creator>
  <guid isPermaLink="false">https://munecasdetrapoquito.wordpress.com/?page_id=8</guid>
  <description/>
  <content:encoded><![CDATA[<!-- wp:paragraph {"align":"left"} -->
<p class="has-text-align-left">Hablemos &#128075;. No dudes en ponerte en contacto con nosotros mediante la información de contacto a continuación, o envíanos un mensaje mediante el formulario.</p>
<!-- /wp:paragraph -->

<!-- wp:spacer {"height":32,"className":"desktop-only"} -->
<div style="height:32px;" aria-hidden="true" class="wp-block-spacer desktop-only"></div>
<!-- /wp:spacer -->

<!-- wp:columns {"align":"wide","className":"has-2-columns"} -->
<div class="wp-block-columns alignwide has-2-columns"><!-- wp:column -->
<div class="wp-block-column"><!-- wp:heading {"align":"left"} -->
<h2 class="has-text-align-left">Ponte en contacto</h2>
<!-- /wp:heading -->

<!-- wp:jetpack/contact-info -->
<div class="wp-block-jetpack-contact-info"><!-- wp:jetpack/address {"address":"10 Street Road","city":"City","postal":"10100","country":"USA"} -->
<div class="wp-block-jetpack-address"><div class="jetpack-address__address jetpack-address__address1">Calle Ejemplo, 1</div><div><span class="jetpack-address__city">Ciudad</span>, <span class="jetpack-address__region"></span> <span class="jetpack-address__postal">10100</span></div><div class="jetpack-address__country">España</div></div>
<!-- /wp:jetpack/address -->

<!-- wp:jetpack/email {"email":"correoelectronico@ejemplo.com"} -->
<div class="wp-block-jetpack-email"><a href="mailto:correoelectronico@ejemplo.com">correoelectronico@ejemplo.com</a></div>
<!-- /wp:jetpack/email -->

<!-- wp:jetpack/phone {"phone":"+34 399 555 234"} -->
<div class="wp-block-jetpack-phone"><a href="tel:+34399555234">+34 399 555 234</a></div>
<!-- /wp:jetpack/phone --></div>
<!-- /wp:jetpack/contact-info -->

<!-- wp:social-links -->
<ul class="wp-block-social-links"><!-- wp:social-link-facebook /-->

<!-- wp:social-link-twitter /-->

<!-- wp:social-link-instagram {"url":"instagram.com"} /-->

<!-- wp:social-link-linkedin /-->

<!-- wp:social-link-youtube /-->

<!-- wp:social-link-facebook /-->

<!-- wp:social-link-facebook {"url":"facebook.com"} /-->

<!-- wp:social-link-twitter {"url":"twitter.com"} /-->

<!-- wp:social-link-wordpress {"url":"wordpress.com"} /--></ul>
<!-- /wp:social-links --></div>
<!-- /wp:column -->

<!-- wp:column -->
<div class="wp-block-column"><!-- wp:heading {"align":"left"} -->
<h2 class="has-text-align-left">Envíanos un mensaje</h2>
<!-- /wp:heading -->

<!-- wp:jetpack/contact-form -->
<!-- wp:jetpack/field-name {"required":true} /-->

<!-- wp:jetpack/field-email {"label":"Email","required":true} /-->

<!-- wp:jetpack/field-url /-->

<!-- wp:jetpack/field-textarea {"required":true} /-->
<!-- /wp:jetpack/contact-form --></div>
<!-- /wp:column --></div>
<!-- /wp:columns -->]]></content:encoded>
  <excerpt:encoded><![CDATA[]]></excerpt:encoded>
  <wp:post_id>8</wp:post_id>
  <wp:post_date>2020-07-30 23:35:28</wp:post_date>
  <wp:post_date_gmt>2020-07-30 23:35:28</wp:post_date_gmt>
  <wp:post_modified>2020-07-30 23:40:31</wp:post_modified>
  <wp:post_modified_gmt>2020-07-30 23:40:31</wp:post_modified_gmt>
  <wp:comment_status>closed</wp:comment_status>
  <wp:ping_status>closed</wp:ping_status>
  <wp:post_name>contact</wp:post_name>
  <wp:status>publish</wp:status>
  <wp:post_parent>0</wp:post_parent>
  <wp:menu_order>0</wp:menu_order>
  <wp:post_type>page</wp:post_type>
  <wp:post_password/>
  <wp:is_sticky>0</wp:is_sticky>
  <wp:postmeta>
    <wp:meta_key>_headstart_post</wp:meta_key>
    <wp:meta_value><![CDATA[_hs_extra]]></wp:meta_value>
  </wp:postmeta>
  <wp:postmeta>
    <wp:meta_key>sharing_disabled</wp:meta_key>
    <wp:meta_value><![CDATA[a:1:{i:0;N;}]]></wp:meta_value>
  </wp:postmeta>
  <wp:postmeta>
    <wp:meta_key>switch_like_status</wp:meta_key>
    <wp:meta_value><![CDATA[a:1:{i:0;N;}]]></wp:meta_value>
  </wp:postmeta>
  <wp:postmeta>
    <wp:meta_key>_starter_page_template</wp:meta_key>
    <wp:meta_value><![CDATA[contact]]></wp:meta_value>
  </wp:postmeta>
  <wp:postmeta>
    <wp:meta_key>_wpas_skip_all_services</wp:meta_key>
    <wp:meta_value><![CDATA[1]]></wp:meta_value>
  </wp:postmeta>
  <wp:postmeta>
    <wp:meta_key>_publicize_pending</wp:meta_key>
    <wp:meta_value><![CDATA[1]]></wp:meta_value>
  </wp:postmeta>
  <wp:postmeta>
    <wp:meta_key>_checklist_post_type</wp:meta_key>
    <wp:meta_value><![CDATA[_hs_extra]]></wp:meta_value>
  </wp:postmeta>
  <wp:postmeta>
    <wp:meta_key>_g_feedback_shortcode_d2026a55bd85761911cb5e0a039ad2831f33512c</wp:meta_key>
    <wp:meta_value><![CDATA[
[contact-field required="1" type="name" label="Name"/]

[contact-field label="Email" required="1" type="email"/]

[contact-field type="url" label="Website"/]

[contact-field required="1" type="textarea" label="Message"/]
]]></wp:meta_value>
  </wp:postmeta>
  <wp:postmeta>
    <wp:meta_key>_g_feedback_shortcode_atts_d2026a55bd85761911cb5e0a039ad2831f33512c</wp:meta_key>
    <wp:meta_value><![CDATA[a:17:{s:2:"to";s:21:"vickyvane29@gmail.com";s:7:"subject";s:34:"[Muñecas de Trapo Quito] Contacto";s:12:"show_subject";s:2:"no";s:6:"widget";i:0;s:14:"block_template";N;s:19:"block_template_part";N;s:2:"id";i:8;s:18:"submit_button_text";s:6:"Submit";s:14:"customThankyou";s:0:"";s:21:"customThankyouHeading";s:26:"Your message has been sent";s:21:"customThankyouMessage";s:30:"Thank you for your submission!";s:22:"customThankyouRedirect";s:0:"";s:10:"jetpackCRM";b:1;s:9:"className";N;s:9:"postToUrl";N;s:14:"salesforceData";N;s:12:"hiddenFields";N;}]]></wp:meta_value>
  </wp:postmeta>
  <wp:postmeta>
    <wp:meta_key>_elasticsearch_data_sharing_indexed_on</wp:meta_key>
    <wp:meta_value><![CDATA[2025-03-18 15:55:29]]></wp:meta_value>
  </wp:postmeta>
</item>
<item>
  <title><![CDATA[Acerca de]]></title>
  <link>https://munecasdetrapoquito.wordpress.com/about/</link>
  <pubDate>Thu, 30 Jul 2020 23:35:27 +0000</pubDate>
  <dc:creator>vikuka</dc:creator>
  <guid isPermaLink="false">https://munecasdetrapoquito.wordpress.com/?page_id=9</guid>
  <description/>
  <content:encoded><![CDATA[<!-- wp:spacer {"height":20} -->
<div style="height:20px;" aria-hidden="true" class="wp-block-spacer"></div>
<!-- /wp:spacer -->

<!-- wp:group {"align":"full"} -->
<div class="wp-block-group alignfull"><div class="wp-block-group__inner-container"><!-- wp:jetpack/layout-grid {"column1DesktopSpan":3,"column1DesktopOffset":1,"column1TabletSpan":3,"column1MobileSpan":4,"column2DesktopSpan":6,"column2DesktopOffset":1,"column2TabletSpan":5,"column2MobileSpan":4,"column3DesktopOffset":3,"column3TabletOffset":1,"className":""} -->
<div class="wp-block-jetpack-layout-grid alignfull column1-desktop-grid__span-3 column1-desktop-grid__start-2 column1-desktop-grid__row-1 column2-desktop-grid__span-6 column2-desktop-grid__start-6 column2-desktop-grid__row-1 column1-tablet-grid__span-3 column1-tablet-grid__row-1 column2-tablet-grid__span-5 column2-tablet-grid__start-4 column2-tablet-grid__row-1 column1-mobile-grid__span-4 column1-mobile-grid__row-1 column2-mobile-grid__span-4 column2-mobile-grid__row-2"><!-- wp:jetpack/layout-grid-column -->
<div class="wp-block-jetpack-layout-grid-column wp-block-jetpack-layout-grid__padding-none"><!-- wp:image {"id":698,"sizeSlug":"full","className":"is-style-circle-mask"} -->
<figure class="wp-block-image size-full is-style-circle-mask"><img src="https://headstartdata.files.wordpress.com/2020/07/rachel-pfuetzner-0fn7fxv1ewa-unsplash.jpg" alt="" class="wp-image-698" /></figure>
<!-- /wp:image --></div>
<!-- /wp:jetpack/layout-grid-column -->

<!-- wp:jetpack/layout-grid-column -->
<div class="wp-block-jetpack-layout-grid-column wp-block-jetpack-layout-grid__padding-none"><!-- wp:heading -->
<h2>Este puede ser un buen lugar para presentarte y presentar tu sitio o incluir algunos créditos.</h2>
<!-- /wp:heading -->

<!-- wp:paragraph -->
<p>Este es un ejemplo de una página Acerca de. A diferencia de las entradas, las páginas se ajustan mejor a un contenido atemporal que quiere ser más accesible, como la información en las páginas Acerca de o Contacto. Haz clic en el enlace "Editar" para hacer cambios en esta página o <a href="//wordpress.com/page">añadir otra</a>.</p>
<!-- /wp:paragraph --></div>
<!-- /wp:jetpack/layout-grid-column --></div>
<!-- /wp:jetpack/layout-grid --></div></div>
<!-- /wp:group -->]]></content:encoded>
  <excerpt:encoded><![CDATA[]]></excerpt:encoded>
  <wp:post_id>9</wp:post_id>
  <wp:post_date>2020-07-30 23:35:27</wp:post_date>
  <wp:post_date_gmt>2020-07-30 23:35:27</wp:post_date_gmt>
  <wp:post_modified>2020-07-30 23:40:31</wp:post_modified>
  <wp:post_modified_gmt>2020-07-30 23:40:31</wp:post_modified_gmt>
  <wp:comment_status>closed</wp:comment_status>
  <wp:ping_status>closed</wp:ping_status>
  <wp:post_name>about</wp:post_name>
  <wp:status>publish</wp:status>
  <wp:post_parent>0</wp:post_parent>
  <wp:menu_order>0</wp:menu_order>
  <wp:post_type>page</wp:post_type>
  <wp:post_password/>
  <wp:is_sticky>0</wp:is_sticky>
  <wp:postmeta>
    <wp:meta_key>_headstart_post</wp:meta_key>
    <wp:meta_value><![CDATA[_hs_extra]]></wp:meta_value>
  </wp:postmeta>
  <wp:postmeta>
    <wp:meta_key>sharing_disabled</wp:meta_key>
    <wp:meta_value><![CDATA[a:1:{i:0;N;}]]></wp:meta_value>
  </wp:postmeta>
  <wp:postmeta>
    <wp:meta_key>switch_like_status</wp:meta_key>
    <wp:meta_value><![CDATA[a:1:{i:0;N;}]]></wp:meta_value>
  </wp:postmeta>
  <wp:postmeta>
    <wp:meta_key>_starter_page_template</wp:meta_key>
    <wp:meta_value><![CDATA[about-3]]></wp:meta_value>
  </wp:postmeta>
  <wp:postmeta>
    <wp:meta_key>_wpas_skip_all_services</wp:meta_key>
    <wp:meta_value><![CDATA[1]]></wp:meta_value>
  </wp:postmeta>
  <wp:postmeta>
    <wp:meta_key>_publicize_pending</wp:meta_key>
    <wp:meta_value><![CDATA[1]]></wp:meta_value>
  </wp:postmeta>
  <wp:postmeta>
    <wp:meta_key>_checklist_post_type</wp:meta_key>
    <wp:meta_value><![CDATA[_hs_extra]]></wp:meta_value>
  </wp:postmeta>
  <wp:postmeta>
    <wp:meta_key>_elasticsearch_data_sharing_indexed_on</wp:meta_key>
    <wp:meta_value><![CDATA[2025-03-18 15:55:30]]></wp:meta_value>
  </wp:postmeta>
</item>
<item>
  <title><![CDATA[Preséntate (entrada de muestra)]]></title>
  <link>https://munecasdetrapoquito.wordpress.com/2020/07/30/example-post-3/</link>
  <pubDate>Thu, 30 Jul 2020 23:35:26 +0000</pubDate>
  <dc:creator>vikuka</dc:creator>
  <guid isPermaLink="false">https://munecasdetrapoquito.wordpress.com/?p=10</guid>
  <description/>
  <content:encoded><![CDATA[<!-- wp:paragraph -->
<p><em>Esto es una entrada de muestra, originalmente publicada como parte de </em><a href="https://dailypost.wordpress.com/blogging-university/"><em>Blogging University</em></a><em>. Regístrate en uno de nuestros diez programas y empieza tu blog con buen pie.</em></p>
<!-- /wp:paragraph -->

<!-- wp:paragraph -->
<p>Hoy vas a publicar una entrada. No te preocupes por el aspecto de tu blog. Tampoco te preocupes si todavía no le has puesto un nombre o si todo esto te agobia un poco. Tan solo haz clic en el botón "Nueva entrada" y explícanos por qué estás aquí.</p>
<!-- /wp:paragraph -->

<!-- wp:paragraph -->
<p>¿Por qué es necesario? </p>
<!-- /wp:paragraph -->

<!-- wp:list -->
<ul><li>Porque proporciona contexto a los nuevos lectores. ¿A qué te dedicas? ¿Por qué deberían leer tu blog?</li><li>Porque te ayudará a concentrarte en tus propias ideas sobre tu blog y en lo que quieres hacer con él. </li></ul>
<!-- /wp:list -->

<!-- wp:paragraph -->
<p>La entrada puede ser corta o larga, una introducción de tu vida o una declaración de los objetivos del blog, un manifiesto de cara al futuro o una breve descripción del tipo de cosas que pretendes publicar.</p>
<!-- /wp:paragraph -->

<!-- wp:paragraph -->
<p>Te ofrecemos algunos consejos útiles para ayudarte a empezar: </p>
<!-- /wp:paragraph -->

<!-- wp:list -->
<ul><li>¿Por qué publicas tus entradas en lugar de escribir en un diario personal?</li><li>¿Sobre qué temas crees que escribirás?</li><li>¿Con quién te gustaría conectar a través de tu blog?</li><li>Si tu blog resulta ser un éxito a lo largo del próximo año, ¿qué objetivo te gustaría lograr? </li></ul>
<!-- /wp:list -->

<!-- wp:paragraph -->
<p>No tienes por qué atarte a las decisiones que tomes ahora. Lo bueno de los blogs es que evolucionan constantemente a medida que aprendemos nuevas cosas, crecemos e interactuamos los unos con los otros. Pero está bien saber dónde y por qué empezaste, y plasmar tus objetivos puede darte más ideas para las entradas que quieres publicar.</p>
<!-- /wp:paragraph -->

<!-- wp:paragraph -->
<p>¿No sabes por dónde empezar? Tan solo escribe lo primero que se te ocurra. Anne Lamott, autora de un libro sobre cómo escribir que nos encanta, afirma que debemos permitirnos escribir un "primer borrador de mierda". Anne está en lo cierto: tan solo tienes que empezar a escribir, y ya te encargarás de editarlo más tarde.</p>
<!-- /wp:paragraph -->

<!-- wp:paragraph -->
<p>Cuando todo esté listo para publicarse, asigna entre tres y cinco etiquetas a la entrada que describan el centro de atención de tu blog: escritura, fotografía, ficción, educación, comida, coches, películas, deportes... ¡Lo que sea! Estas etiquetas ayudarán a los usuarios interesados en tus temas a encontrarte en el Lector. Una de las etiquetas debe ser "zerotohero", para que los nuevos blogueros también puedan encontrarte.</p>
<!-- /wp:paragraph -->]]></content:encoded>
  <excerpt:encoded><![CDATA[]]></excerpt:encoded>
  <wp:post_id>10</wp:post_id>
  <wp:post_date>2020-07-30 23:35:26</wp:post_date>
  <wp:post_date_gmt>2020-07-30 23:35:26</wp:post_date_gmt>
  <wp:post_modified>2020-07-30 23:40:31</wp:post_modified>
  <wp:post_modified_gmt>2020-07-30 23:40:31</wp:post_modified_gmt>
  <wp:comment_status>open</wp:comment_status>
  <wp:ping_status>open</wp:ping_status>
  <wp:post_name>example-post-3</wp:post_name>
  <wp:status>publish</wp:status>
  <wp:post_parent>0</wp:post_parent>
  <wp:menu_order>0</wp:menu_order>
  <wp:post_type>post</wp:post_type>
  <wp:post_password/>
  <wp:is_sticky>0</wp:is_sticky>
  <category domain="category" nicename="sin-categoria"><![CDATA[Sin categoría]]></category>
  <wp:postmeta>
    <wp:meta_key>_headstart_post</wp:meta_key>
    <wp:meta_value><![CDATA[_hs_extra]]></wp:meta_value>
  </wp:postmeta>
  <wp:postmeta>
    <wp:meta_key>sharing_disabled</wp:meta_key>
    <wp:meta_value><![CDATA[a:1:{i:0;N;}]]></wp:meta_value>
  </wp:postmeta>
  <wp:postmeta>
    <wp:meta_key>switch_like_status</wp:meta_key>
    <wp:meta_value><![CDATA[a:1:{i:0;N;}]]></wp:meta_value>
  </wp:postmeta>
  <wp:postmeta>
    <wp:meta_key>_starter_page_template</wp:meta_key>
    <wp:meta_value><![CDATA[]]></wp:meta_value>
  </wp:postmeta>
  <wp:postmeta>
    <wp:meta_key>_wpas_skip_all_services</wp:meta_key>
    <wp:meta_value><![CDATA[1]]></wp:meta_value>
  </wp:postmeta>
  <wp:postmeta>
    <wp:meta_key>_publicize_pending</wp:meta_key>
    <wp:meta_value><![CDATA[1]]></wp:meta_value>
  </wp:postmeta>
  <wp:postmeta>
    <wp:meta_key>_last_editor_used_jetpack</wp:meta_key>
    <wp:meta_value><![CDATA[block-editor]]></wp:meta_value>
  </wp:postmeta>
  <wp:postmeta>
    <wp:meta_key>_elasticsearch_data_sharing_indexed_on</wp:meta_key>
    <wp:meta_value><![CDATA[2025-03-18 15:55:30]]></wp:meta_value>
  </wp:postmeta>
</item>
<item>
  <title><![CDATA[Preséntate (entrada de muestra)]]></title>
  <link>https://munecasdetrapoquito.wordpress.com/2020/07/30/example-post-2/</link>
  <pubDate>Thu, 30 Jul 2020 23:35:25 +0000</pubDate>
  <dc:creator>vikuka</dc:creator>
  <guid isPermaLink="false">https://munecasdetrapoquito.wordpress.com/?p=11</guid>
  <description/>
  <content:encoded><![CDATA[<!-- wp:paragraph -->
<p><em>Esto es una entrada de muestra, originalmente publicada como parte de </em><a href="https://dailypost.wordpress.com/blogging-university/"><em>Blogging University</em></a><em>. Regístrate en uno de nuestros diez programas y empieza tu blog con buen pie.</em></p>
<!-- /wp:paragraph -->

<!-- wp:paragraph -->
<p>Hoy vas a publicar una entrada. No te preocupes por el aspecto de tu blog. Tampoco te preocupes si todavía no le has puesto un nombre o si todo esto te agobia un poco. Tan solo haz clic en el botón "Nueva entrada" y explícanos por qué estás aquí.</p>
<!-- /wp:paragraph -->

<!-- wp:paragraph -->
<p>¿Por qué es necesario? </p>
<!-- /wp:paragraph -->

<!-- wp:list -->
<ul><li>Porque proporciona contexto a los nuevos lectores. ¿A qué te dedicas? ¿Por qué deberían leer tu blog?</li><li>Porque te ayudará a concentrarte en tus propias ideas sobre tu blog y en lo que quieres hacer con él. </li></ul>
<!-- /wp:list -->

<!-- wp:paragraph -->
<p>La entrada puede ser corta o larga, una introducción de tu vida o una declaración de los objetivos del blog, un manifiesto de cara al futuro o una breve descripción del tipo de cosas que pretendes publicar.</p>
<!-- /wp:paragraph -->

<!-- wp:paragraph -->
<p>Te ofrecemos algunos consejos útiles para ayudarte a empezar: </p>
<!-- /wp:paragraph -->

<!-- wp:list -->
<ul><li>¿Por qué publicas tus entradas en lugar de escribir en un diario personal?</li><li>¿Sobre qué temas crees que escribirás?</li><li>¿Con quién te gustaría conectar a través de tu blog?</li><li>Si tu blog resulta ser un éxito a lo largo del próximo año, ¿qué objetivo te gustaría lograr? </li></ul>
<!-- /wp:list -->

<!-- wp:paragraph -->
<p>No tienes por qué atarte a las decisiones que tomes ahora. Lo bueno de los blogs es que evolucionan constantemente a medida que aprendemos nuevas cosas, crecemos e interactuamos los unos con los otros. Pero está bien saber dónde y por qué empezaste, y plasmar tus objetivos puede darte más ideas para las entradas que quieres publicar.</p>
<!-- /wp:paragraph -->

<!-- wp:paragraph -->
<p>¿No sabes por dónde empezar? Tan solo escribe lo primero que se te ocurra. Anne Lamott, autora de un libro sobre cómo escribir que nos encanta, afirma que debemos permitirnos escribir un "primer borrador de mierda". Anne está en lo cierto: tan solo tienes que empezar a escribir, y ya te encargarás de editarlo más tarde.</p>
<!-- /wp:paragraph -->

<!-- wp:paragraph -->
<p>Cuando todo esté listo para publicarse, asigna entre tres y cinco etiquetas a la entrada que describan el centro de atención de tu blog: escritura, fotografía, ficción, educación, comida, coches, películas, deportes... ¡Lo que sea! Estas etiquetas ayudarán a los usuarios interesados en tus temas a encontrarte en el Lector. Una de las etiquetas debe ser "zerotohero", para que los nuevos blogueros también puedan encontrarte.</p>
<!-- /wp:paragraph -->]]></content:encoded>
  <excerpt:encoded><![CDATA[]]></excerpt:encoded>
  <wp:post_id>11</wp:post_id>
  <wp:post_date>2020-07-30 23:35:25</wp:post_date>
  <wp:post_date_gmt>2020-07-30 23:35:25</wp:post_date_gmt>
  <wp:post_modified>2020-07-30 23:40:31</wp:post_modified>
  <wp:post_modified_gmt>2020-07-30 23:40:31</wp:post_modified_gmt>
  <wp:comment_status>open</wp:comment_status>
  <wp:ping_status>open</wp:ping_status>
  <wp:post_name>example-post-2</wp:post_name>
  <wp:status>publish</wp:status>
  <wp:post_parent>0</wp:post_parent>
  <wp:menu_order>0</wp:menu_order>
  <wp:post_type>post</wp:post_type>
  <wp:post_password/>
  <wp:is_sticky>0</wp:is_sticky>
  <category domain="category" nicename="sin-categoria"><![CDATA[Sin categoría]]></category>
  <wp:postmeta>
    <wp:meta_key>_headstart_post</wp:meta_key>
    <wp:meta_value><![CDATA[_hs_extra]]></wp:meta_value>
  </wp:postmeta>
  <wp:postmeta>
    <wp:meta_key>sharing_disabled</wp:meta_key>
    <wp:meta_value><![CDATA[a:1:{i:0;N;}]]></wp:meta_value>
  </wp:postmeta>
  <wp:postmeta>
    <wp:meta_key>switch_like_status</wp:meta_key>
    <wp:meta_value><![CDATA[a:1:{i:0;N;}]]></wp:meta_value>
  </wp:postmeta>
  <wp:postmeta>
    <wp:meta_key>_starter_page_template</wp:meta_key>
    <wp:meta_value><![CDATA[]]></wp:meta_value>
  </wp:postmeta>
  <wp:postmeta>
    <wp:meta_key>_wpas_skip_all_services</wp:meta_key>
    <wp:meta_value><![CDATA[1]]></wp:meta_value>
  </wp:postmeta>
  <wp:postmeta>
    <wp:meta_key>_publicize_pending</wp:meta_key>
    <wp:meta_value><![CDATA[1]]></wp:meta_value>
  </wp:postmeta>
  <wp:postmeta>
    <wp:meta_key>_last_editor_used_jetpack</wp:meta_key>
    <wp:meta_value><![CDATA[block-editor]]></wp:meta_value>
  </wp:postmeta>
  <wp:postmeta>
    <wp:meta_key>_elasticsearch_data_sharing_indexed_on</wp:meta_key>
    <wp:meta_value><![CDATA[2025-03-18 15:55:30]]></wp:meta_value>
  </wp:postmeta>
</item>
<item>
  <title><![CDATA[Preséntate (entrada de muestra)]]></title>
  <link>https://munecasdetrapoquito.wordpress.com/2020/07/30/example-post/</link>
  <pubDate>Thu, 30 Jul 2020 23:35:24 +0000</pubDate>
  <dc:creator>vikuka</dc:creator>
  <guid isPermaLink="false">https://munecasdetrapoquito.wordpress.com/?p=12</guid>
  <description/>
  <content:encoded><![CDATA[<!-- wp:paragraph -->
<p><em>Esto es una entrada de muestra, originalmente publicada como parte de </em><a href="https://dailypost.wordpress.com/blogging-university/"><em>Blogging University</em></a><em>. Regístrate en uno de nuestros diez programas y empieza tu blog con buen pie.</em></p>
<!-- /wp:paragraph -->

<!-- wp:paragraph -->
<p>Hoy vas a publicar una entrada. No te preocupes por el aspecto de tu blog. Tampoco te preocupes si todavía no le has puesto un nombre o si todo esto te agobia un poco. Tan solo haz clic en el botón "Nueva entrada" y explícanos por qué estás aquí.</p>
<!-- /wp:paragraph -->

<!-- wp:paragraph -->
<p>¿Por qué es necesario? </p>
<!-- /wp:paragraph -->

<!-- wp:list -->
<ul><li>Porque proporciona contexto a los nuevos lectores. ¿A qué te dedicas? ¿Por qué deberían leer tu blog?</li><li>Porque te ayudará a concentrarte en tus propias ideas sobre tu blog y en lo que quieres hacer con él. </li></ul>
<!-- /wp:list -->

<!-- wp:paragraph -->
<p>La entrada puede ser corta o larga, una introducción de tu vida o una declaración de los objetivos del blog, un manifiesto de cara al futuro o una breve descripción del tipo de cosas que pretendes publicar.</p>
<!-- /wp:paragraph -->

<!-- wp:paragraph -->
<p>Te ofrecemos algunos consejos útiles para ayudarte a empezar: </p>
<!-- /wp:paragraph -->

<!-- wp:list -->
<ul><li>¿Por qué publicas tus entradas en lugar de escribir en un diario personal?</li><li>¿Sobre qué temas crees que escribirás?</li><li>¿Con quién te gustaría conectar a través de tu blog?</li><li>Si tu blog resulta ser un éxito a lo largo del próximo año, ¿qué objetivo te gustaría lograr? </li></ul>
<!-- /wp:list -->

<!-- wp:paragraph -->
<p>No tienes por qué atarte a las decisiones que tomes ahora. Lo bueno de los blogs es que evolucionan constantemente a medida que aprendemos nuevas cosas, crecemos e interactuamos los unos con los otros. Pero está bien saber dónde y por qué empezaste, y plasmar tus objetivos puede darte más ideas para las entradas que quieres publicar.</p>
<!-- /wp:paragraph -->

<!-- wp:paragraph -->
<p>¿No sabes por dónde empezar? Tan solo escribe lo primero que se te ocurra. Anne Lamott, autora de un libro sobre cómo escribir que nos encanta, afirma que debemos permitirnos escribir un "primer borrador de mierda". Anne está en lo cierto: tan solo tienes que empezar a escribir, y ya te encargarás de editarlo más tarde.</p>
<!-- /wp:paragraph -->

<!-- wp:paragraph -->
<p>Cuando todo esté listo para publicarse, asigna entre tres y cinco etiquetas a la entrada que describan el centro de atención de tu blog: escritura, fotografía, ficción, educación, comida, coches, películas, deportes... ¡Lo que sea! Estas etiquetas ayudarán a los usuarios interesados en tus temas a encontrarte en el Lector. Una de las etiquetas debe ser "zerotohero", para que los nuevos blogueros también puedan encontrarte.</p>
<!-- /wp:paragraph -->]]></content:encoded>
  <excerpt:encoded><![CDATA[]]></excerpt:encoded>
  <wp:post_id>12</wp:post_id>
  <wp:post_date>2020-07-30 23:35:24</wp:post_date>
  <wp:post_date_gmt>2020-07-30 23:35:24</wp:post_date_gmt>
  <wp:post_modified>2020-07-30 23:40:31</wp:post_modified>
  <wp:post_modified_gmt>2020-07-30 23:40:31</wp:post_modified_gmt>
  <wp:comment_status>open</wp:comment_status>
  <wp:ping_status>open</wp:ping_status>
  <wp:post_name>example-post</wp:post_name>
  <wp:status>publish</wp:status>
  <wp:post_parent>0</wp:post_parent>
  <wp:menu_order>0</wp:menu_order>
  <wp:post_type>post</wp:post_type>
  <wp:post_password/>
  <wp:is_sticky>0</wp:is_sticky>
  <category domain="category" nicename="sin-categoria"><![CDATA[Sin categoría]]></category>
  <wp:postmeta>
    <wp:meta_key>_headstart_post</wp:meta_key>
    <wp:meta_value><![CDATA[_hs_extra]]></wp:meta_value>
  </wp:postmeta>
  <wp:postmeta>
    <wp:meta_key>sharing_disabled</wp:meta_key>
    <wp:meta_value><![CDATA[a:1:{i:0;N;}]]></wp:meta_value>
  </wp:postmeta>
  <wp:postmeta>
    <wp:meta_key>switch_like_status</wp:meta_key>
    <wp:meta_value><![CDATA[a:1:{i:0;N;}]]></wp:meta_value>
  </wp:postmeta>
  <wp:postmeta>
    <wp:meta_key>_starter_page_template</wp:meta_key>
    <wp:meta_value><![CDATA[]]></wp:meta_value>
  </wp:postmeta>
  <wp:postmeta>
    <wp:meta_key>_wpas_skip_all_services</wp:meta_key>
    <wp:meta_value><![CDATA[1]]></wp:meta_value>
  </wp:postmeta>
  <wp:postmeta>
    <wp:meta_key>_publicize_pending</wp:meta_key>
    <wp:meta_value><![CDATA[1]]></wp:meta_value>
  </wp:postmeta>
  <wp:postmeta>
    <wp:meta_key>_last_editor_used_jetpack</wp:meta_key>
    <wp:meta_value><![CDATA[block-editor]]></wp:meta_value>
  </wp:postmeta>
  <wp:postmeta>
    <wp:meta_key>_elasticsearch_data_sharing_indexed_on</wp:meta_key>
    <wp:meta_value><![CDATA[2025-03-18 15:55:30]]></wp:meta_value>
  </wp:postmeta>
</item>
<item>
  <title><![CDATA[]]></title>
  <link>https://munecasdetrapoquito.wordpress.com/2020/07/30/20/</link>
  <pubDate>Thu, 30 Jul 2020 23:40:31 +0000</pubDate>
  <dc:creator>vikuka</dc:creator>
  <guid isPermaLink="false">https://munecasdetrapoquito.wordpress.com/2020/07/30/20/</guid>
  <description/>
  <content:encoded><![CDATA[ ]]></content:encoded>
  <excerpt:encoded><![CDATA[]]></excerpt:encoded>
  <wp:post_id>20</wp:post_id>
  <wp:post_date>2020-07-30 23:40:31</wp:post_date>
  <wp:post_date_gmt>2020-07-30 23:40:31</wp:post_date_gmt>
  <wp:post_modified>2020-07-30 23:40:31</wp:post_modified>
  <wp:post_modified_gmt>2020-07-30 23:40:31</wp:post_modified_gmt>
  <wp:comment_status>closed</wp:comment_status>
  <wp:ping_status>closed</wp:ping_status>
  <wp:post_name>20</wp:post_name>
  <wp:status>publish</wp:status>
  <wp:post_parent>0</wp:post_parent>
  <wp:menu_order>1</wp:menu_order>
  <wp:post_type>nav_menu_item</wp:post_type>
  <wp:post_password/>
  <wp:is_sticky>0</wp:is_sticky>
  <category domain="nav_menu" nicename="primary"><![CDATA[Primary]]></category>
  <wp:postmeta>
    <wp:meta_key>_publicize_pending</wp:meta_key>
    <wp:meta_value><![CDATA[1]]></wp:meta_value>
  </wp:postmeta>
  <wp:postmeta>
    <wp:meta_key>_menu_item_type</wp:meta_key>
    <wp:meta_value><![CDATA[post_type]]></wp:meta_value>
  </wp:postmeta>
  <wp:postmeta>
    <wp:meta_key>_menu_item_menu_item_parent</wp:meta_key>
    <wp:meta_value><![CDATA[0]]></wp:meta_value>
  </wp:postmeta>
  <wp:postmeta>
    <wp:meta_key>_menu_item_object_id</wp:meta_key>
    <wp:meta_value><![CDATA[6]]></wp:meta_value>
  </wp:postmeta>
  <wp:postmeta>
    <wp:meta_key>_menu_item_object</wp:meta_key>
    <wp:meta_value><![CDATA[page]]></wp:meta_value>
  </wp:postmeta>
  <wp:postmeta>
    <wp:meta_key>_menu_item_target</wp:meta_key>
    <wp:meta_value><![CDATA[]]></wp:meta_value>
  </wp:postmeta>
  <wp:postmeta>
    <wp:meta_key>_menu_item_classes</wp:meta_key>
    <wp:meta_value><![CDATA[a:1:{i:0;s:0:"";}]]></wp:meta_value>
  </wp:postmeta>
  <wp:postmeta>
    <wp:meta_key>_menu_item_xfn</wp:meta_key>
    <wp:meta_value><![CDATA[]]></wp:meta_value>
  </wp:postmeta>
  <wp:postmeta>
    <wp:meta_key>_menu_item_url</wp:meta_key>
    <wp:meta_value><![CDATA[]]></wp:meta_value>
  </wp:postmeta>
</item>
<item>
  <title><![CDATA[]]></title>
  <link>https://munecasdetrapoquito.wordpress.com/2020/07/30/21/</link>
  <pubDate>Thu, 30 Jul 2020 23:40:31 +0000</pubDate>
  <dc:creator>vikuka</dc:creator>
  <guid isPermaLink="false">https://munecasdetrapoquito.wordpress.com/2020/07/30/21/</guid>
  <description/>
  <content:encoded><![CDATA[ ]]></content:encoded>
  <excerpt:encoded><![CDATA[]]></excerpt:encoded>
  <wp:post_id>21</wp:post_id>
  <wp:post_date>2020-07-30 23:40:31</wp:post_date>
  <wp:post_date_gmt>2020-07-30 23:40:31</wp:post_date_gmt>
  <wp:post_modified>2020-07-30 23:40:31</wp:post_modified>
  <wp:post_modified_gmt>2020-07-30 23:40:31</wp:post_modified_gmt>
  <wp:comment_status>closed</wp:comment_status>
  <wp:ping_status>closed</wp:ping_status>
  <wp:post_name>21</wp:post_name>
  <wp:status>publish</wp:status>
  <wp:post_parent>0</wp:post_parent>
  <wp:menu_order>2</wp:menu_order>
  <wp:post_type>nav_menu_item</wp:post_type>
  <wp:post_password/>
  <wp:is_sticky>0</wp:is_sticky>
  <category domain="nav_menu" nicename="primary"><![CDATA[Primary]]></category>
  <wp:postmeta>
    <wp:meta_key>_publicize_pending</wp:meta_key>
    <wp:meta_value><![CDATA[1]]></wp:meta_value>
  </wp:postmeta>
  <wp:postmeta>
    <wp:meta_key>_menu_item_type</wp:meta_key>
    <wp:meta_value><![CDATA[post_type]]></wp:meta_value>
  </wp:postmeta>
  <wp:postmeta>
    <wp:meta_key>_menu_item_menu_item_parent</wp:meta_key>
    <wp:meta_value><![CDATA[0]]></wp:meta_value>
  </wp:postmeta>
  <wp:postmeta>
    <wp:meta_key>_menu_item_object_id</wp:meta_key>
    <wp:meta_value><![CDATA[7]]></wp:meta_value>
  </wp:postmeta>
  <wp:postmeta>
    <wp:meta_key>_menu_item_object</wp:meta_key>
    <wp:meta_value><![CDATA[page]]></wp:meta_value>
  </wp:postmeta>
  <wp:postmeta>
    <wp:meta_key>_menu_item_target</wp:meta_key>
    <wp:meta_value><![CDATA[]]></wp:meta_value>
  </wp:postmeta>
  <wp:postmeta>
    <wp:meta_key>_menu_item_classes</wp:meta_key>
    <wp:meta_value><![CDATA[a:1:{i:0;s:0:"";}]]></wp:meta_value>
  </wp:postmeta>
  <wp:postmeta>
    <wp:meta_key>_menu_item_xfn</wp:meta_key>
    <wp:meta_value><![CDATA[]]></wp:meta_value>
  </wp:postmeta>
  <wp:postmeta>
    <wp:meta_key>_menu_item_url</wp:meta_key>
    <wp:meta_value><![CDATA[]]></wp:meta_value>
  </wp:postmeta>
</item>
<item>
  <title><![CDATA[]]></title>
  <link>https://munecasdetrapoquito.wordpress.com/2020/07/30/22/</link>
  <pubDate>Thu, 30 Jul 2020 23:40:31 +0000</pubDate>
  <dc:creator>vikuka</dc:creator>
  <guid isPermaLink="false">https://munecasdetrapoquito.wordpress.com/2020/07/30/22/</guid>
  <description/>
  <content:encoded><![CDATA[ ]]></content:encoded>
  <excerpt:encoded><![CDATA[]]></excerpt:encoded>
  <wp:post_id>22</wp:post_id>
  <wp:post_date>2020-07-30 23:40:31</wp:post_date>
  <wp:post_date_gmt>2020-07-30 23:40:31</wp:post_date_gmt>
  <wp:post_modified>2020-07-30 23:40:31</wp:post_modified>
  <wp:post_modified_gmt>2020-07-30 23:40:31</wp:post_modified_gmt>
  <wp:comment_status>closed</wp:comment_status>
  <wp:ping_status>closed</wp:ping_status>
  <wp:post_name>22</wp:post_name>
  <wp:status>publish</wp:status>
  <wp:post_parent>0</wp:post_parent>
  <wp:menu_order>3</wp:menu_order>
  <wp:post_type>nav_menu_item</wp:post_type>
  <wp:post_password/>
  <wp:is_sticky>0</wp:is_sticky>
  <category domain="nav_menu" nicename="primary"><![CDATA[Primary]]></category>
  <wp:postmeta>
    <wp:meta_key>_publicize_pending</wp:meta_key>
    <wp:meta_value><![CDATA[1]]></wp:meta_value>
  </wp:postmeta>
  <wp:postmeta>
    <wp:meta_key>_menu_item_type</wp:meta_key>
    <wp:meta_value><![CDATA[post_type]]></wp:meta_value>
  </wp:postmeta>
  <wp:postmeta>
    <wp:meta_key>_menu_item_menu_item_parent</wp:meta_key>
    <wp:meta_value><![CDATA[0]]></wp:meta_value>
  </wp:postmeta>
  <wp:postmeta>
    <wp:meta_key>_menu_item_object_id</wp:meta_key>
    <wp:meta_value><![CDATA[9]]></wp:meta_value>
  </wp:postmeta>
  <wp:postmeta>
    <wp:meta_key>_menu_item_object</wp:meta_key>
    <wp:meta_value><![CDATA[page]]></wp:meta_value>
  </wp:postmeta>
  <wp:postmeta>
    <wp:meta_key>_menu_item_target</wp:meta_key>
    <wp:meta_value><![CDATA[]]></wp:meta_value>
  </wp:postmeta>
  <wp:postmeta>
    <wp:meta_key>_menu_item_classes</wp:meta_key>
    <wp:meta_value><![CDATA[a:1:{i:0;s:0:"";}]]></wp:meta_value>
  </wp:postmeta>
  <wp:postmeta>
    <wp:meta_key>_menu_item_xfn</wp:meta_key>
    <wp:meta_value><![CDATA[]]></wp:meta_value>
  </wp:postmeta>
  <wp:postmeta>
    <wp:meta_key>_menu_item_url</wp:meta_key>
    <wp:meta_value><![CDATA[]]></wp:meta_value>
  </wp:postmeta>
</item>
<item>
  <title><![CDATA[]]></title>
  <link>https://munecasdetrapoquito.wordpress.com/2020/07/30/23/</link>
  <pubDate>Thu, 30 Jul 2020 23:40:31 +0000</pubDate>
  <dc:creator>vikuka</dc:creator>
  <guid isPermaLink="false">https://munecasdetrapoquito.wordpress.com/2020/07/30/23/</guid>
  <description/>
  <content:encoded><![CDATA[ ]]></content:encoded>
  <excerpt:encoded><![CDATA[]]></excerpt:encoded>
  <wp:post_id>23</wp:post_id>
  <wp:post_date>2020-07-30 23:40:31</wp:post_date>
  <wp:post_date_gmt>2020-07-30 23:40:31</wp:post_date_gmt>
  <wp:post_modified>2020-07-30 23:40:31</wp:post_modified>
  <wp:post_modified_gmt>2020-07-30 23:40:31</wp:post_modified_gmt>
  <wp:comment_status>closed</wp:comment_status>
  <wp:ping_status>closed</wp:ping_status>
  <wp:post_name>23</wp:post_name>
  <wp:status>publish</wp:status>
  <wp:post_parent>0</wp:post_parent>
  <wp:menu_order>4</wp:menu_order>
  <wp:post_type>nav_menu_item</wp:post_type>
  <wp:post_password/>
  <wp:is_sticky>0</wp:is_sticky>
  <category domain="nav_menu" nicename="primary"><![CDATA[Primary]]></category>
  <wp:postmeta>
    <wp:meta_key>_publicize_pending</wp:meta_key>
    <wp:meta_value><![CDATA[1]]></wp:meta_value>
  </wp:postmeta>
  <wp:postmeta>
    <wp:meta_key>_menu_item_type</wp:meta_key>
    <wp:meta_value><![CDATA[post_type]]></wp:meta_value>
  </wp:postmeta>
  <wp:postmeta>
    <wp:meta_key>_menu_item_menu_item_parent</wp:meta_key>
    <wp:meta_value><![CDATA[0]]></wp:meta_value>
  </wp:postmeta>
  <wp:postmeta>
    <wp:meta_key>_menu_item_object_id</wp:meta_key>
    <wp:meta_value><![CDATA[8]]></wp:meta_value>
  </wp:postmeta>
  <wp:postmeta>
    <wp:meta_key>_menu_item_object</wp:meta_key>
    <wp:meta_value><![CDATA[page]]></wp:meta_value>
  </wp:postmeta>
  <wp:postmeta>
    <wp:meta_key>_menu_item_target</wp:meta_key>
    <wp:meta_value><![CDATA[]]></wp:meta_value>
  </wp:postmeta>
  <wp:postmeta>
    <wp:meta_key>_menu_item_classes</wp:meta_key>
    <wp:meta_value><![CDATA[a:1:{i:0;s:0:"";}]]></wp:meta_value>
  </wp:postmeta>
  <wp:postmeta>
    <wp:meta_key>_menu_item_xfn</wp:meta_key>
    <wp:meta_value><![CDATA[]]></wp:meta_value>
  </wp:postmeta>
  <wp:postmeta>
    <wp:meta_key>_menu_item_url</wp:meta_key>
    <wp:meta_value><![CDATA[]]></wp:meta_value>
  </wp:postmeta>
</item>
<item>
  <title><![CDATA[Facebook]]></title>
  <link>https://munecasdetrapoquito.wordpress.com/2020/07/30/facebook/</link>
  <pubDate>Thu, 30 Jul 2020 23:40:31 +0000</pubDate>
  <dc:creator>vikuka</dc:creator>
  <guid isPermaLink="false">https://munecasdetrapoquito.wordpress.com/2020/07/30/facebook/</guid>
  <description/>
  <content:encoded><![CDATA[]]></content:encoded>
  <excerpt:encoded><![CDATA[]]></excerpt:encoded>
  <wp:post_id>24</wp:post_id>
  <wp:post_date>2020-07-30 23:40:31</wp:post_date>
  <wp:post_date_gmt>2020-07-30 23:40:31</wp:post_date_gmt>
  <wp:post_modified>2020-07-30 23:40:31</wp:post_modified>
  <wp:post_modified_gmt>2020-07-30 23:40:31</wp:post_modified_gmt>
  <wp:comment_status>closed</wp:comment_status>
  <wp:ping_status>closed</wp:ping_status>
  <wp:post_name>facebook</wp:post_name>
  <wp:status>publish</wp:status>
  <wp:post_parent>0</wp:post_parent>
  <wp:menu_order>1</wp:menu_order>
  <wp:post_type>nav_menu_item</wp:post_type>
  <wp:post_password/>
  <wp:is_sticky>0</wp:is_sticky>
  <category domain="nav_menu" nicename="social"><![CDATA[Social]]></category>
  <wp:postmeta>
    <wp:meta_key>_publicize_pending</wp:meta_key>
    <wp:meta_value><![CDATA[1]]></wp:meta_value>
  </wp:postmeta>
  <wp:postmeta>
    <wp:meta_key>_menu_item_type</wp:meta_key>
    <wp:meta_value><![CDATA[custom]]></wp:meta_value>
  </wp:postmeta>
  <wp:postmeta>
    <wp:meta_key>_menu_item_menu_item_parent</wp:meta_key>
    <wp:meta_value><![CDATA[0]]></wp:meta_value>
  </wp:postmeta>
  <wp:postmeta>
    <wp:meta_key>_menu_item_object_id</wp:meta_key>
    <wp:meta_value><![CDATA[24]]></wp:meta_value>
  </wp:postmeta>
  <wp:postmeta>
    <wp:meta_key>_menu_item_object</wp:meta_key>
    <wp:meta_value><![CDATA[custom]]></wp:meta_value>
  </wp:postmeta>
  <wp:postmeta>
    <wp:meta_key>_menu_item_target</wp:meta_key>
    <wp:meta_value><![CDATA[]]></wp:meta_value>
  </wp:postmeta>
  <wp:postmeta>
    <wp:meta_key>_menu_item_classes</wp:meta_key>
    <wp:meta_value><![CDATA[a:1:{i:0;s:0:"";}]]></wp:meta_value>
  </wp:postmeta>
  <wp:postmeta>
    <wp:meta_key>_menu_item_xfn</wp:meta_key>
    <wp:meta_value><![CDATA[]]></wp:meta_value>
  </wp:postmeta>
  <wp:postmeta>
    <wp:meta_key>_menu_item_url</wp:meta_key>
    <wp:meta_value><![CDATA[https://facebook.com]]></wp:meta_value>
  </wp:postmeta>
</item>
<item>
  <title><![CDATA[Muñeca de hecha a mano]]></title>
  <link>https://munecasdetrapoquito.wordpress.com/muneca-de-hecha-a-mano/</link>
  <pubDate>Fri, 31 Jul 2020 00:01:29 +0000</pubDate>
  <dc:creator>vikuka</dc:creator>
  <guid isPermaLink="false">https://munecasdetrapoquito.wordpress.com/?page_id=40</guid>
  <description/>
  <content:encoded><![CDATA[<!-- wp:paragraph {"align":"left"} -->
<p class="has-text-align-left">Mi portafolio muestra diversos proyectos que he creado a lo largo de mi trayectoria profesional. Consulta mis datos a continuación y ponte en contacto ,,,,,,,,</p>
<!-- /wp:paragraph -->

<!-- wp:spacer {"height":32,"className":"desktop-only"} -->
<div style="height:32px;" aria-hidden="true" class="wp-block-spacer desktop-only"></div>
<!-- /wp:spacer -->

<!-- wp:heading {"align":"left"} -->
<h2 class="has-text-align-left">Nombre del proyecto</h2>
<!-- /wp:heading -->

<!-- wp:gallery {"ids":[658,659,660,661,662,663],"align":"full"} -->
<figure class="wp-block-gallery alignfull columns-3 is-cropped"><ul class="blocks-gallery-grid"><li class="blocks-gallery-item"><figure><img src="https://a8ctm1.files.wordpress.com/2019/08/scatter-1.jpg?w=640" alt="" data-id="658" data-link="https://a8ctm1.wordpress.com/portfolio/scatter-3/" class="wp-image-658" /></figure></li><li class="blocks-gallery-item"><figure><img src="https://a8ctm1.files.wordpress.com/2019/08/redcylinder-1.jpg?w=640" alt="" data-id="659" data-link="https://a8ctm1.wordpress.com/portfolio/redcylinder-3/" class="wp-image-659" /></figure></li><li class="blocks-gallery-item"><figure><img src="https://a8ctm1.files.wordpress.com/2019/08/redbox.jpg?w=640" alt="" data-id="660" data-link="https://a8ctm1.wordpress.com/portfolio/redbox-2/" class="wp-image-660" /></figure></li><li class="blocks-gallery-item"><figure><img src="https://a8ctm1.files.wordpress.com/2019/08/crab-1.jpg?w=640" alt="" data-id="661" data-link="https://a8ctm1.wordpress.com/portfolio/crab-3/" class="wp-image-661" /></figure></li><li class="blocks-gallery-item"><figure><img src="https://a8ctm1.files.wordpress.com/2019/08/cat.jpg?w=640" alt="" data-id="662" data-link="https://a8ctm1.wordpress.com/portfolio/cat/" class="wp-image-662" /></figure></li><li class="blocks-gallery-item"><figure><img src="https://a8ctm1.files.wordpress.com/2019/08/bluebox.jpg?w=640" alt="" data-id="663" data-link="https://a8ctm1.wordpress.com/portfolio/bluebox-2/" class="wp-image-663" /></figure></li></ul></figure>
<!-- /wp:gallery -->

<!-- wp:paragraph {"align":"left"} -->
<p class="has-text-align-left">Una descripción del proyecto y los trabajos presentados. </p>
<!-- /wp:paragraph -->

<!-- wp:spacer {"height":16,"className":"desktop-only"} -->
<div style="height:16px;" aria-hidden="true" class="wp-block-spacer desktop-only"></div>
<!-- /wp:spacer -->

<!-- wp:separator {"className":"is-style-wide"} -->
<hr class="wp-block-separator is-style-wide" />
<!-- /wp:separator -->

<!-- wp:spacer {"height":16,"className":"desktop-only"} -->
<div style="height:16px;" aria-hidden="true" class="wp-block-spacer desktop-only"></div>
<!-- /wp:spacer -->

<!-- wp:heading {"align":"left"} -->
<h2 class="has-text-align-left">Nombre del proyecto</h2>
<!-- /wp:heading -->

<!-- wp:core-embed/youtube {"url":"https:\/\/www.youtube.com\/watch?v=pB5gaJloeRU","type":"rich","providerNameSlug":"","align":"full","className":"wp-embed-aspect-16-9 wp-has-aspect-ratio"} -->
<figure class="wp-block-embed-youtube alignfull wp-block-embed is-type-rich wp-embed-aspect-16-9 wp-has-aspect-ratio"><div class="wp-block-embed__wrapper">
https://www.youtube.com/watch?v=pB5gaJloeRU
</div></figure>
<!-- /wp:core-embed/youtube -->

<!-- wp:paragraph {"align":"left"} -->
<p class="has-text-align-left">Una descripción del proyecto y los trabajos presentados. </p>
<!-- /wp:paragraph -->

<!-- wp:spacer {"height":16,"className":"desktop-only"} -->
<div style="height:16px;" aria-hidden="true" class="wp-block-spacer desktop-only"></div>
<!-- /wp:spacer -->

<!-- wp:separator {"className":"is-style-wide"} -->
<hr class="wp-block-separator is-style-wide" />
<!-- /wp:separator -->

<!-- wp:spacer {"height":32,"className":"desktop-only"} -->
<div style="height:32px;" aria-hidden="true" class="wp-block-spacer desktop-only"></div>
<!-- /wp:spacer -->

<!-- wp:heading {"align":"center"} -->
<h2 class="has-text-align-center">Construyamos algo juntos.</h2>
<!-- /wp:heading -->

<!-- wp:button {"align":"center"} -->
<div class="wp-block-button aligncenter"><a class="wp-block-button__link" href="#">Ponte en contacto</a></div>
<!-- /wp:button -->

<!-- wp:spacer {"height":32,"className":"desktop-only"} -->
<div style="height:32px;" aria-hidden="true" class="wp-block-spacer desktop-only"></div>
<!-- /wp:spacer -->

<!-- wp:separator {"className":"is-style-wide"} -->
<hr class="wp-block-separator is-style-wide" />
<!-- /wp:separator -->]]></content:encoded>
  <excerpt:encoded><![CDATA[]]></excerpt:encoded>
  <wp:post_id>40</wp:post_id>
  <wp:post_date>2020-07-30 19:01:29</wp:post_date>
  <wp:post_date_gmt>2020-07-31 00:01:29</wp:post_date_gmt>
  <wp:post_modified>2020-07-30 19:01:29</wp:post_modified>
  <wp:post_modified_gmt>2020-07-31 00:01:29</wp:post_modified_gmt>
  <wp:comment_status>closed</wp:comment_status>
  <wp:ping_status>closed</wp:ping_status>
  <wp:post_name>muneca-de-hecha-a-mano</wp:post_name>
  <wp:status>publish</wp:status>
  <wp:post_parent>0</wp:post_parent>
  <wp:menu_order>0</wp:menu_order>
  <wp:post_type>page</wp:post_type>
  <wp:post_password/>
  <wp:is_sticky>0</wp:is_sticky>
  <wp:postmeta>
    <wp:meta_key>_starter_page_template</wp:meta_key>
    <wp:meta_value><![CDATA[portfolio]]></wp:meta_value>
  </wp:postmeta>
  <wp:postmeta>
    <wp:meta_key>spay_email</wp:meta_key>
    <wp:meta_value><![CDATA[]]></wp:meta_value>
  </wp:postmeta>
  <wp:postmeta>
    <wp:meta_key>amp_status</wp:meta_key>
    <wp:meta_value><![CDATA[]]></wp:meta_value>
  </wp:postmeta>
  <wp:postmeta>
    <wp:meta_key>advanced_seo_description</wp:meta_key>
    <wp:meta_value><![CDATA[]]></wp:meta_value>
  </wp:postmeta>
  <wp:postmeta>
    <wp:meta_key>_coblocks_accordion_ie_support</wp:meta_key>
    <wp:meta_value><![CDATA[]]></wp:meta_value>
  </wp:postmeta>
  <wp:postmeta>
    <wp:meta_key>_coblocks_dimensions</wp:meta_key>
    <wp:meta_value><![CDATA[]]></wp:meta_value>
  </wp:postmeta>
  <wp:postmeta>
    <wp:meta_key>_coblocks_attr</wp:meta_key>
    <wp:meta_value><![CDATA[]]></wp:meta_value>
  </wp:postmeta>
  <wp:postmeta>
    <wp:meta_key>_publicize_pending</wp:meta_key>
    <wp:meta_value><![CDATA[1]]></wp:meta_value>
  </wp:postmeta>
  <wp:postmeta>
    <wp:meta_key>_coblocks_responsive_height</wp:meta_key>
    <wp:meta_value><![CDATA[]]></wp:meta_value>
  </wp:postmeta>
  <wp:postmeta>
    <wp:meta_key>_oembed_aac1b798891658251dbb42db6335eb36</wp:meta_key>
    <wp:meta_value><![CDATA[<div class="embed-youtube"><iframe title="A meditation on the open web" width="750" height="422" src="https://www.youtube.com/embed/pB5gaJloeRU?feature=oembed" frameborder="0" allow="accelerometer; autoplay; clipboard-write; encrypted-media; gyroscope; picture-in-picture; web-share" referrerpolicy="strict-origin-when-cross-origin" allowfullscreen></iframe></div>]]></wp:meta_value>
  </wp:postmeta>
  <wp:postmeta>
    <wp:meta_key>_oembed_time_aac1b798891658251dbb42db6335eb36</wp:meta_key>
    <wp:meta_value><![CDATA[1742313330]]></wp:meta_value>
  </wp:postmeta>
  <wp:postmeta>
    <wp:meta_key>_elasticsearch_data_sharing_indexed_on</wp:meta_key>
    <wp:meta_value><![CDATA[2025-03-18 15:55:30]]></wp:meta_value>
  </wp:postmeta>
</item>
<item>
  <title><![CDATA[Instagram]]></title>
  <link>https://munecasdetrapoquito.wordpress.com/2020/07/30/instagram/</link>
  <pubDate>Thu, 30 Jul 2020 23:40:31 +0000</pubDate>
  <dc:creator>vikuka</dc:creator>
  <guid isPermaLink="false">https://munecasdetrapoquito.wordpress.com/2020/07/30/instagram/</guid>
  <description/>
  <content:encoded><![CDATA[]]></content:encoded>
  <excerpt:encoded><![CDATA[]]></excerpt:encoded>
  <wp:post_id>26</wp:post_id>
  <wp:post_date>2020-07-30 23:40:31</wp:post_date>
  <wp:post_date_gmt>2020-07-30 23:40:31</wp:post_date_gmt>
  <wp:post_modified>2020-07-30 23:40:31</wp:post_modified>
  <wp:post_modified_gmt>2020-07-30 23:40:31</wp:post_modified_gmt>
  <wp:comment_status>closed</wp:comment_status>
  <wp:ping_status>closed</wp:ping_status>
  <wp:post_name>instagram</wp:post_name>
  <wp:status>publish</wp:status>
  <wp:post_parent>0</wp:post_parent>
  <wp:menu_order>3</wp:menu_order>
  <wp:post_type>nav_menu_item</wp:post_type>
  <wp:post_password/>
  <wp:is_sticky>0</wp:is_sticky>
  <category domain="nav_menu" nicename="social"><![CDATA[Social]]></category>
  <wp:postmeta>
    <wp:meta_key>_publicize_pending</wp:meta_key>
    <wp:meta_value><![CDATA[1]]></wp:meta_value>
  </wp:postmeta>
  <wp:postmeta>
    <wp:meta_key>_menu_item_type</wp:meta_key>
    <wp:meta_value><![CDATA[custom]]></wp:meta_value>
  </wp:postmeta>
  <wp:postmeta>
    <wp:meta_key>_menu_item_menu_item_parent</wp:meta_key>
    <wp:meta_value><![CDATA[0]]></wp:meta_value>
  </wp:postmeta>
  <wp:postmeta>
    <wp:meta_key>_menu_item_object_id</wp:meta_key>
    <wp:meta_value><![CDATA[26]]></wp:meta_value>
  </wp:postmeta>
  <wp:postmeta>
    <wp:meta_key>_menu_item_object</wp:meta_key>
    <wp:meta_value><![CDATA[custom]]></wp:meta_value>
  </wp:postmeta>
  <wp:postmeta>
    <wp:meta_key>_menu_item_target</wp:meta_key>
    <wp:meta_value><![CDATA[]]></wp:meta_value>
  </wp:postmeta>
  <wp:postmeta>
    <wp:meta_key>_menu_item_classes</wp:meta_key>
    <wp:meta_value><![CDATA[a:1:{i:0;s:0:"";}]]></wp:meta_value>
  </wp:postmeta>
  <wp:postmeta>
    <wp:meta_key>_menu_item_xfn</wp:meta_key>
    <wp:meta_value><![CDATA[]]></wp:meta_value>
  </wp:postmeta>
  <wp:postmeta>
    <wp:meta_key>_menu_item_url</wp:meta_key>
    <wp:meta_value><![CDATA[https://instagram.com]]></wp:meta_value>
  </wp:postmeta>
</item>
<item>
  <title><![CDATA[Pinterest]]></title>
  <link>https://munecasdetrapoquito.wordpress.com/2020/07/30/pinterest/</link>
  <pubDate>Thu, 30 Jul 2020 23:40:31 +0000</pubDate>
  <dc:creator>vikuka</dc:creator>
  <guid isPermaLink="false">https://munecasdetrapoquito.wordpress.com/2020/07/30/pinterest/</guid>
  <description/>
  <content:encoded><![CDATA[]]></content:encoded>
  <excerpt:encoded><![CDATA[]]></excerpt:encoded>
  <wp:post_id>27</wp:post_id>
  <wp:post_date>2020-07-30 23:40:31</wp:post_date>
  <wp:post_date_gmt>2020-07-30 23:40:31</wp:post_date_gmt>
  <wp:post_modified>2020-07-30 23:40:31</wp:post_modified>
  <wp:post_modified_gmt>2020-07-30 23:40:31</wp:post_modified_gmt>
  <wp:comment_status>closed</wp:comment_status>
  <wp:ping_status>closed</wp:ping_status>
  <wp:post_name>pinterest</wp:post_name>
  <wp:status>publish</wp:status>
  <wp:post_parent>0</wp:post_parent>
  <wp:menu_order>4</wp:menu_order>
  <wp:post_type>nav_menu_item</wp:post_type>
  <wp:post_password/>
  <wp:is_sticky>0</wp:is_sticky>
  <category domain="nav_menu" nicename="social"><![CDATA[Social]]></category>
  <wp:postmeta>
    <wp:meta_key>_publicize_pending</wp:meta_key>
    <wp:meta_value><![CDATA[1]]></wp:meta_value>
  </wp:postmeta>
  <wp:postmeta>
    <wp:meta_key>_menu_item_type</wp:meta_key>
    <wp:meta_value><![CDATA[custom]]></wp:meta_value>
  </wp:postmeta>
  <wp:postmeta>
    <wp:meta_key>_menu_item_menu_item_parent</wp:meta_key>
    <wp:meta_value><![CDATA[0]]></wp:meta_value>
  </wp:postmeta>
  <wp:postmeta>
    <wp:meta_key>_menu_item_object_id</wp:meta_key>
    <wp:meta_value><![CDATA[27]]></wp:meta_value>
  </wp:postmeta>
  <wp:postmeta>
    <wp:meta_key>_menu_item_object</wp:meta_key>
    <wp:meta_value><![CDATA[custom]]></wp:meta_value>
  </wp:postmeta>
  <wp:postmeta>
    <wp:meta_key>_menu_item_target</wp:meta_key>
    <wp:meta_value><![CDATA[]]></wp:meta_value>
  </wp:postmeta>
  <wp:postmeta>
    <wp:meta_key>_menu_item_classes</wp:meta_key>
    <wp:meta_value><![CDATA[a:1:{i:0;s:0:"";}]]></wp:meta_value>
  </wp:postmeta>
  <wp:postmeta>
    <wp:meta_key>_menu_item_xfn</wp:meta_key>
    <wp:meta_value><![CDATA[]]></wp:meta_value>
  </wp:postmeta>
  <wp:postmeta>
    <wp:meta_key>_menu_item_url</wp:meta_key>
    <wp:meta_value><![CDATA[https://pinterest.com]]></wp:meta_value>
  </wp:postmeta>
</item>
<item>
  <title><![CDATA[Placeholder Image]]></title>
  <link>https://munecasdetrapoquito.wordpress.com/placeholder-image/</link>
  <pubDate>Thu, 30 Jul 2020 23:40:32 +0000</pubDate>
  <dc:creator>vikuka</dc:creator>
  <guid isPermaLink="false">http://munecasdetrapoquito.files.wordpress.com/2020/07/qi-bin-w4hbafegiac-unsplash.jpg</guid>
  <description/>
  <content:encoded><![CDATA[]]></content:encoded>
  <excerpt:encoded><![CDATA[]]></excerpt:encoded>
  <wp:post_id>29</wp:post_id>
  <wp:post_date>2020-07-30 18:40:32</wp:post_date>
  <wp:post_date_gmt>2020-07-30 23:40:32</wp:post_date_gmt>
  <wp:post_modified>2020-07-30 18:40:32</wp:post_modified>
  <wp:post_modified_gmt>2020-07-30 23:40:32</wp:post_modified_gmt>
  <wp:comment_status>open</wp:comment_status>
  <wp:ping_status>closed</wp:ping_status>
  <wp:post_name>placeholder-image</wp:post_name>
  <wp:status>inherit</wp:status>
  <wp:post_parent>0</wp:post_parent>
  <wp:menu_order>0</wp:menu_order>
  <wp:post_type>attachment</wp:post_type>
  <wp:post_password/>
  <wp:is_sticky>0</wp:is_sticky>
  <wp:attachment_url>https://munecasdetrapoquito.wordpress.com/wp-content/uploads/2020/07/qi-bin-w4hbafegiac-unsplash.jpg</wp:attachment_url>
  <wp:postmeta>
    <wp:meta_key>_wp_attached_file</wp:meta_key>
    <wp:meta_value><![CDATA[/home/wpcom/public_html/wp-content/blogs.dir/2c8/180948917/files/2020/07/qi-bin-w4hbafegiac-unsplash.jpg]]></wp:meta_value>
  </wp:postmeta>
  <wp:postmeta>
    <wp:meta_key>_wp_attachment_metadata</wp:meta_key>
    <wp:meta_value><![CDATA[a:6:{s:5:"width";i:1600;s:6:"height";i:1066;s:4:"file";s:104:"/home/wpcom/public_html/wp-content/blogs.dir/2c8/180948917/files/2020/07/qi-bin-w4hbafegiac-unsplash.jpg";s:5:"sizes";a:0:{}s:10:"image_meta";a:12:{s:8:"aperture";s:1:"0";s:6:"credit";s:0:"";s:6:"camera";s:0:"";s:7:"caption";s:0:"";s:17:"created_timestamp";s:1:"0";s:9:"copyright";s:0:"";s:12:"focal_length";s:1:"0";s:3:"iso";s:1:"0";s:13:"shutter_speed";s:1:"0";s:5:"title";s:0:"";s:11:"orientation";s:1:"0";s:8:"keywords";a:0:{}}s:8:"filesize";i:50995;}]]></wp:meta_value>
  </wp:postmeta>
</item>
<item>
  <title><![CDATA[Placeholder Image]]></title>
  <link>https://munecasdetrapoquito.wordpress.com/placeholder-image-2/</link>
  <pubDate>Thu, 30 Jul 2020 23:40:32 +0000</pubDate>
  <dc:creator>vikuka</dc:creator>
  <guid isPermaLink="false">http://munecasdetrapoquito.files.wordpress.com/2020/07/rachel-pfuetzner-0fn7fxv1ewa-unsplash.jpg</guid>
  <description/>
  <content:encoded><![CDATA[]]></content:encoded>
  <excerpt:encoded><![CDATA[]]></excerpt:encoded>
  <wp:post_id>30</wp:post_id>
  <wp:post_date>2020-07-30 18:40:32</wp:post_date>
  <wp:post_date_gmt>2020-07-30 23:40:32</wp:post_date_gmt>
  <wp:post_modified>2020-07-30 18:40:32</wp:post_modified>
  <wp:post_modified_gmt>2020-07-30 23:40:32</wp:post_modified_gmt>
  <wp:comment_status>open</wp:comment_status>
  <wp:ping_status>closed</wp:ping_status>
  <wp:post_name>placeholder-image-2</wp:post_name>
  <wp:status>inherit</wp:status>
  <wp:post_parent>0</wp:post_parent>
  <wp:menu_order>0</wp:menu_order>
  <wp:post_type>attachment</wp:post_type>
  <wp:post_password/>
  <wp:is_sticky>0</wp:is_sticky>
  <wp:attachment_url>https://munecasdetrapoquito.wordpress.com/wp-content/uploads/2020/07/rachel-pfuetzner-0fn7fxv1ewa-unsplash.jpg</wp:attachment_url>
  <wp:postmeta>
    <wp:meta_key>_wp_attached_file</wp:meta_key>
    <wp:meta_value><![CDATA[/home/wpcom/public_html/wp-content/blogs.dir/2c8/180948917/files/2020/07/rachel-pfuetzner-0fn7fxv1ewa-unsplash.jpg]]></wp:meta_value>
  </wp:postmeta>
  <wp:postmeta>
    <wp:meta_key>_wp_attachment_metadata</wp:meta_key>
    <wp:meta_value><![CDATA[a:6:{s:5:"width";i:1560;s:6:"height";i:1560;s:4:"file";s:114:"/home/wpcom/public_html/wp-content/blogs.dir/2c8/180948917/files/2020/07/rachel-pfuetzner-0fn7fxv1ewa-unsplash.jpg";s:5:"sizes";a:0:{}s:10:"image_meta";a:12:{s:8:"aperture";s:1:"0";s:6:"credit";s:0:"";s:6:"camera";s:0:"";s:7:"caption";s:0:"";s:17:"created_timestamp";s:1:"0";s:9:"copyright";s:0:"";s:12:"focal_length";s:1:"0";s:3:"iso";s:1:"0";s:13:"shutter_speed";s:1:"0";s:5:"title";s:0:"";s:11:"orientation";s:1:"1";s:8:"keywords";a:0:{}}s:8:"filesize";i:56258;}]]></wp:meta_value>
  </wp:postmeta>
</item>
<item>
  <title><![CDATA[logo-muneca-de-trapo-1]]></title>
  <link>https://munecasdetrapoquito.wordpress.com/logo-muneca-de-trapo-1/</link>
  <pubDate>Thu, 30 Jul 2020 23:53:26 +0000</pubDate>
  <dc:creator>vikuka</dc:creator>
  <guid isPermaLink="false">http://munecasdetrapoquito.files.wordpress.com/2020/07/logo-muneca-de-trapo-1.png</guid>
  <description/>
  <content:encoded><![CDATA[]]></content:encoded>
  <excerpt:encoded><![CDATA[]]></excerpt:encoded>
  <wp:post_id>32</wp:post_id>
  <wp:post_date>2020-07-30 18:53:26</wp:post_date>
  <wp:post_date_gmt>2020-07-30 23:53:26</wp:post_date_gmt>
  <wp:post_modified>2020-07-30 18:53:26</wp:post_modified>
  <wp:post_modified_gmt>2020-07-30 23:53:26</wp:post_modified_gmt>
  <wp:comment_status>open</wp:comment_status>
  <wp:ping_status>closed</wp:ping_status>
  <wp:post_name>logo-muneca-de-trapo-1</wp:post_name>
  <wp:status>inherit</wp:status>
  <wp:post_parent>0</wp:post_parent>
  <wp:menu_order>0</wp:menu_order>
  <wp:post_type>attachment</wp:post_type>
  <wp:post_password/>
  <wp:is_sticky>0</wp:is_sticky>
  <wp:attachment_url>https://munecasdetrapoquito.wordpress.com/wp-content/uploads/2020/07/logo-muneca-de-trapo-1.png</wp:attachment_url>
  <wp:postmeta>
    <wp:meta_key>_wp_attached_file</wp:meta_key>
    <wp:meta_value><![CDATA[/home/wpcom/public_html/wp-content/blogs.dir/2c8/180948917/files/2020/07/logo-muneca-de-trapo-1.png]]></wp:meta_value>
  </wp:postmeta>
  <wp:postmeta>
    <wp:meta_key>_wp_attachment_metadata</wp:meta_key>
    <wp:meta_value><![CDATA[a:6:{s:5:"width";i:960;s:6:"height";i:960;s:4:"file";s:99:"/home/wpcom/public_html/wp-content/blogs.dir/2c8/180948917/files/2020/07/logo-muneca-de-trapo-1.png";s:5:"sizes";a:0:{}s:10:"image_meta";a:12:{s:8:"aperture";s:1:"0";s:6:"credit";s:0:"";s:6:"camera";s:0:"";s:7:"caption";s:0:"";s:17:"created_timestamp";s:1:"0";s:9:"copyright";s:0:"";s:12:"focal_length";s:1:"0";s:3:"iso";s:1:"0";s:13:"shutter_speed";s:1:"0";s:5:"title";s:0:"";s:11:"orientation";s:1:"0";s:8:"keywords";a:0:{}}s:8:"filesize";i:97613;}]]></wp:meta_value>
  </wp:postmeta>
</item>
<item>
  <title><![CDATA[cropped-logo-muneca-de-trapo-1.png]]></title>
  <link>https://munecasdetrapoquito.wordpress.com/cropped-logo-muneca-de-trapo-1-png/</link>
  <pubDate>Thu, 30 Jul 2020 23:53:32 +0000</pubDate>
  <dc:creator>vikuka</dc:creator>
  <guid isPermaLink="false">https://munecasdetrapoquito.files.wordpress.com/2020/07/cropped-logo-muneca-de-trapo-1.png</guid>
  <description/>
  <content:encoded><![CDATA[https://munecasdetrapoquito.wordpress.com/wp-content/uploads/2020/07/cropped-logo-muneca-de-trapo-1.png]]></content:encoded>
  <excerpt:encoded><![CDATA[]]></excerpt:encoded>
  <wp:post_id>33</wp:post_id>
  <wp:post_date>2020-07-30 18:53:32</wp:post_date>
  <wp:post_date_gmt>2020-07-30 23:53:32</wp:post_date_gmt>
  <wp:post_modified>2020-07-30 18:53:32</wp:post_modified>
  <wp:post_modified_gmt>2020-07-30 23:53:32</wp:post_modified_gmt>
  <wp:comment_status>open</wp:comment_status>
  <wp:ping_status>closed</wp:ping_status>
  <wp:post_name>cropped-logo-muneca-de-trapo-1-png</wp:post_name>
  <wp:status>inherit</wp:status>
  <wp:post_parent>0</wp:post_parent>
  <wp:menu_order>0</wp:menu_order>
  <wp:post_type>attachment</wp:post_type>
  <wp:post_password/>
  <wp:is_sticky>0</wp:is_sticky>
  <wp:attachment_url>https://munecasdetrapoquito.wordpress.com/wp-content/uploads/2020/07/cropped-logo-muneca-de-trapo-1.png</wp:attachment_url>
  <wp:postmeta>
    <wp:meta_key>_wp_attached_file</wp:meta_key>
    <wp:meta_value><![CDATA[/home/wpcom/public_html/wp-content/blogs.dir/2c8/180948917/files/2020/07/cropped-logo-muneca-de-trapo-1.png]]></wp:meta_value>
  </wp:postmeta>
  <wp:postmeta>
    <wp:meta_key>_wp_attachment_context</wp:meta_key>
    <wp:meta_value><![CDATA[custom-logo]]></wp:meta_value>
  </wp:postmeta>
  <wp:postmeta>
    <wp:meta_key>_wp_attachment_metadata</wp:meta_key>
    <wp:meta_value><![CDATA[a:6:{s:5:"width";i:120;s:6:"height";i:120;s:4:"file";s:107:"/home/wpcom/public_html/wp-content/blogs.dir/2c8/180948917/files/2020/07/cropped-logo-muneca-de-trapo-1.png";s:5:"sizes";a:0:{}s:10:"image_meta";a:12:{s:8:"aperture";s:1:"0";s:6:"credit";s:0:"";s:6:"camera";s:0:"";s:7:"caption";s:0:"";s:17:"created_timestamp";s:1:"0";s:9:"copyright";s:0:"";s:12:"focal_length";s:1:"0";s:3:"iso";s:1:"0";s:13:"shutter_speed";s:1:"0";s:5:"title";s:0:"";s:11:"orientation";s:1:"0";s:8:"keywords";a:0:{}}s:8:"filesize";i:7838;}]]></wp:meta_value>
  </wp:postmeta>
</item>
<item>
  <title><![CDATA[cropped-logo-muneca-de-trapo-1-1.png]]></title>
  <link>https://munecasdetrapoquito.wordpress.com/cropped-logo-muneca-de-trapo-1-1-png/</link>
  <pubDate>Thu, 30 Jul 2020 23:54:00 +0000</pubDate>
  <dc:creator>vikuka</dc:creator>
  <guid isPermaLink="false">https://munecasdetrapoquito.files.wordpress.com/2020/07/cropped-logo-muneca-de-trapo-1-1.png</guid>
  <description/>
  <content:encoded><![CDATA[https://munecasdetrapoquito.wordpress.com/wp-content/uploads/2020/07/cropped-logo-muneca-de-trapo-1-1.png]]></content:encoded>
  <excerpt:encoded><![CDATA[]]></excerpt:encoded>
  <wp:post_id>35</wp:post_id>
  <wp:post_date>2020-07-30 18:54:00</wp:post_date>
  <wp:post_date_gmt>2020-07-30 23:54:00</wp:post_date_gmt>
  <wp:post_modified>2020-07-30 18:54:00</wp:post_modified>
  <wp:post_modified_gmt>2020-07-30 23:54:00</wp:post_modified_gmt>
  <wp:comment_status>open</wp:comment_status>
  <wp:ping_status>closed</wp:ping_status>
  <wp:post_name>cropped-logo-muneca-de-trapo-1-1-png</wp:post_name>
  <wp:status>inherit</wp:status>
  <wp:post_parent>0</wp:post_parent>
  <wp:menu_order>0</wp:menu_order>
  <wp:post_type>attachment</wp:post_type>
  <wp:post_password/>
  <wp:is_sticky>0</wp:is_sticky>
  <wp:attachment_url>https://munecasdetrapoquito.wordpress.com/wp-content/uploads/2020/07/cropped-logo-muneca-de-trapo-1-1.png</wp:attachment_url>
  <wp:postmeta>
    <wp:meta_key>_wp_attached_file</wp:meta_key>
    <wp:meta_value><![CDATA[/home/wpcom/public_html/wp-content/blogs.dir/2c8/180948917/files/2020/07/cropped-logo-muneca-de-trapo-1-1.png]]></wp:meta_value>
  </wp:postmeta>
  <wp:postmeta>
    <wp:meta_key>_wp_attachment_context</wp:meta_key>
    <wp:meta_value><![CDATA[site-icon]]></wp:meta_value>
  </wp:postmeta>
  <wp:postmeta>
    <wp:meta_key>_wp_attachment_metadata</wp:meta_key>
    <wp:meta_value><![CDATA[a:6:{s:5:"width";i:512;s:6:"height";i:512;s:4:"file";s:109:"/home/wpcom/public_html/wp-content/blogs.dir/2c8/180948917/files/2020/07/cropped-logo-muneca-de-trapo-1-1.png";s:5:"sizes";a:4:{s:13:"site_icon-270";a:4:{s:4:"file";s:44:"cropped-logo-muneca-de-trapo-1-1-270x270.png";s:5:"width";i:270;s:6:"height";i:270;s:9:"mime-type";s:9:"image/png";}s:13:"site_icon-192";a:4:{s:4:"file";s:44:"cropped-logo-muneca-de-trapo-1-1-192x192.png";s:5:"width";i:192;s:6:"height";i:192;s:9:"mime-type";s:9:"image/png";}s:13:"site_icon-180";a:4:{s:4:"file";s:44:"cropped-logo-muneca-de-trapo-1-1-180x180.png";s:5:"width";i:180;s:6:"height";i:180;s:9:"mime-type";s:9:"image/png";}s:12:"site_icon-32";a:4:{s:4:"file";s:42:"cropped-logo-muneca-de-trapo-1-1-32x32.png";s:5:"width";i:32;s:6:"height";i:32;s:9:"mime-type";s:9:"image/png";}}s:10:"image_meta";a:12:{s:8:"aperture";s:1:"0";s:6:"credit";s:0:"";s:6:"camera";s:0:"";s:7:"caption";s:0:"";s:17:"created_timestamp";s:1:"0";s:9:"copyright";s:0:"";s:12:"focal_length";s:1:"0";s:3:"iso";s:1:"0";s:13:"shutter_speed";s:1:"0";s:5:"title";s:0:"";s:11:"orientation";s:1:"0";s:8:"keywords";a:0:{}}s:8:"filesize";i:61563;}]]></wp:meta_value>
  </wp:postmeta>
</item>
<item>
  <title><![CDATA[Custom Styles]]></title>
  <link>https://munecasdetrapoquito.wordpress.com/2022/07/18/wp-global-styles-pub%2faltofocus/</link>
  <pubDate>Mon, 18 Jul 2022 13:26:59 +0000</pubDate>
  <dc:creator>vikuka</dc:creator>
  <guid isPermaLink="false">https://munecasdetrapoquito.wordpress.com/2022/07/18/wp-global-styles-pub%2faltofocus/</guid>
  <description/>
  <content:encoded><![CDATA[{"version":2,"isGlobalStylesUserThemeJSON":true}]]></content:encoded>
  <excerpt:encoded><![CDATA[]]></excerpt:encoded>
  <wp:post_id>44</wp:post_id>
  <wp:post_date>2022-07-18 08:26:59</wp:post_date>
  <wp:post_date_gmt>2022-07-18 13:26:59</wp:post_date_gmt>
  <wp:post_modified>2022-07-18 08:26:59</wp:post_modified>
  <wp:post_modified_gmt>2022-07-18 13:26:59</wp:post_modified_gmt>
  <wp:comment_status>closed</wp:comment_status>
  <wp:ping_status>closed</wp:ping_status>
  <wp:post_name>wp-global-styles-pub%2faltofocus</wp:post_name>
  <wp:status>publish</wp:status>
  <wp:post_parent>0</wp:post_parent>
  <wp:menu_order>0</wp:menu_order>
  <wp:post_type>wp_global_styles</wp:post_type>
  <wp:post_password/>
  <wp:is_sticky>0</wp:is_sticky>
  <category domain="wp_theme" nicename="altofocus"><![CDATA[altofocus]]></category>
  <wp:postmeta>
    <wp:meta_key>_publicize_pending</wp:meta_key>
    <wp:meta_value><![CDATA[1]]></wp:meta_value>
  </wp:postmeta>
</item>
  </channel>
</rss>
